date,open,high,low,close,adj_close,volume,dividends,splits,source
2022-04-11,400.0,416.0,372.0,382.0,382.0,9410897000,0.0,0.0,yfinance_raw_daily
2022-04-12,422.0,442.0,360.0,370.0,370.0,3887331000,0.0,0.0,yfinance_raw_daily
2022-04-13,370.0,380.0,360.0,374.0,374.0,3262811400,0.0,0.0,yfinance_raw_daily
2022-04-14,374.0,382.0,374.0,376.0,376.0,3675981900,0.0,0.0,yfinance_raw_daily
2022-04-18,376.0,380.0,370.0,378.0,378.0,2660312700,0.0,0.0,yfinance_raw_daily
2022-04-19,378.0,380.0,358.0,358.0,358.0,2252971800,0.0,0.0,yfinance_raw_daily
2022-04-20,358.0,364.0,338.0,338.0,338.0,5804281200,0.0,0.0,yfinance_raw_daily
2022-04-21,340.0,340.0,336.0,340.0,340.0,1670584600,0.0,0.0,yfinance_raw_daily
2022-04-22,340.0,340.0,330.0,340.0,340.0,6075753400,0.0,0.0,yfinance_raw_daily
2022-04-25,318.0,338.0,318.0,328.0,328.0,1960587900,0.0,0.0,yfinance_raw_daily
2022-04-26,348.0,348.0,308.0,310.0,310.0,1843997100,0.0,0.0,yfinance_raw_daily
2022-04-27,300.0,310.0,290.0,290.0,290.0,2077577300,0.0,0.0,yfinance_raw_daily
2022-04-28,270.0,290.0,270.0,272.0,272.0,2280309800,0.0,0.0,yfinance_raw_daily
2022-05-09,254.0,270.0,254.0,254.0,254.0,621345600,0.0,0.0,yfinance_raw_daily
2022-05-10,254.0,254.0,238.0,238.0,238.0,201334400,0.0,0.0,yfinance_raw_daily
2022-05-11,224.0,238.0,222.0,222.0,222.0,2942404500,0.0,0.0,yfinance_raw_daily
2022-05-12,212.0,220.0,208.0,208.0,208.0,312982800,0.0,0.0,yfinance_raw_daily
2022-05-13,200.0,200.0,194.0,194.0,194.0,407286800,0.0,0.0,yfinance_raw_daily
2022-05-17,187.0,224.0,181.0,200.0,200.0,3671507800,0.0,0.0,yfinance_raw_daily
2022-05-18,186.0,250.0,186.0,248.0,248.0,4266865400,0.0,0.0,yfinance_raw_daily
2022-05-19,232.0,292.0,232.0,280.0,280.0,7571482600,0.0,0.0,yfinance_raw_daily
2022-05-20,262.0,314.0,262.0,304.0,304.0,4241679500,0.0,0.0,yfinance_raw_daily
2022-05-23,324.0,324.0,286.0,296.0,296.0,4968873700,0.0,0.0,yfinance_raw_daily
2022-05-24,276.0,312.0,276.0,302.0,302.0,4221223100,0.0,0.0,yfinance_raw_daily
2022-05-25,300.0,310.0,290.0,304.0,304.0,3111550600,0.0,0.0,yfinance_raw_daily
2022-05-27,304.0,314.0,300.0,312.0,312.0,3009337300,0.0,0.0,yfinance_raw_daily
2022-05-30,318.0,318.0,308.0,314.0,314.0,3448044600,0.0,0.0,yfinance_raw_daily
2022-05-31,314.0,314.0,300.0,304.0,304.0,2072919200,0.0,0.0,yfinance_raw_daily
2022-06-02,344.0,346.0,304.0,344.0,344.0,5638486100,0.0,0.0,yfinance_raw_daily
2022-06-03,364.0,364.0,342.0,354.0,354.0,3103587800,0.0,0.0,yfinance_raw_daily
2022-06-06,352.0,358.0,330.0,330.0,330.0,3429231900,0.0,0.0,yfinance_raw_daily
2022-06-07,310.0,370.0,310.0,364.0,364.0,7097558600,0.0,0.0,yfinance_raw_daily
2022-06-08,362.0,390.0,350.0,378.0,378.0,6461195500,0.0,0.0,yfinance_raw_daily
2022-06-09,378.0,404.0,370.0,384.0,384.0,6857099000,0.0,0.0,yfinance_raw_daily
2022-06-10,384.0,398.0,370.0,386.0,386.0,4737100100,0.0,0.0,yfinance_raw_daily
2022-06-13,378.0,390.0,370.0,388.0,388.0,4416773900,0.0,0.0,yfinance_raw_daily
2022-06-14,382.0,400.0,382.0,400.0,400.0,4917375800,0.0,0.0,yfinance_raw_daily
2022-06-15,400.0,416.0,398.0,404.0,404.0,3624954900,0.0,0.0,yfinance_raw_daily
2022-06-16,408.0,412.0,382.0,392.0,392.0,3994392700,0.0,0.0,yfinance_raw_daily
2022-06-17,390.0,390.0,366.0,366.0,366.0,2749644800,0.0,0.0,yfinance_raw_daily
2022-06-20,366.0,376.0,344.0,370.0,370.0,4244450500,0.0,0.0,yfinance_raw_daily
2022-06-21,374.0,380.0,362.0,378.0,378.0,2290207400,0.0,0.0,yfinance_raw_daily
2022-06-22,382.0,386.0,370.0,380.0,380.0,1834331100,0.0,0.0,yfinance_raw_daily
2022-06-23,380.0,384.0,374.0,380.0,380.0,1406469400,0.0,0.0,yfinance_raw_daily
2022-06-24,380.0,402.0,378.0,392.0,392.0,3220565000,0.0,0.0,yfinance_raw_daily
2022-06-27,396.0,400.0,384.0,394.0,394.0,1513413700,0.0,0.0,yfinance_raw_daily
2022-06-28,394.0,394.0,384.0,392.0,392.0,899052600,0.0,0.0,yfinance_raw_daily
2022-06-29,388.0,398.0,384.0,390.0,390.0,968133900,0.0,0.0,yfinance_raw_daily
2022-06-30,390.0,394.0,380.0,388.0,388.0,917267800,0.0,0.0,yfinance_raw_daily
2022-07-01,388.0,390.0,362.0,370.0,370.0,1099867400,0.0,0.0,yfinance_raw_daily
2022-07-04,370.0,370.0,346.0,346.0,346.0,705938600,0.0,0.0,yfinance_raw_daily
2022-07-05,346.0,350.0,332.0,334.0,334.0,1573844700,0.0,0.0,yfinance_raw_daily
2022-07-06,330.0,342.0,320.0,324.0,324.0,1129407400,0.0,0.0,yfinance_raw_daily
2022-07-07,324.0,340.0,324.0,338.0,338.0,1074824400,0.0,0.0,yfinance_raw_daily
2022-07-08,344.0,354.0,342.0,350.0,350.0,1241855000,0.0,0.0,yfinance_raw_daily
2022-07-11,354.0,354.0,334.0,338.0,338.0,840928300,0.0,0.0,yfinance_raw_daily
2022-07-12,338.0,338.0,330.0,330.0,330.0,802215500,0.0,0.0,yfinance_raw_daily
2022-07-13,330.0,330.0,320.0,324.0,324.0,870421000,0.0,0.0,yfinance_raw_daily
2022-07-14,324.0,336.0,320.0,332.0,332.0,786358600,0.0,0.0,yfinance_raw_daily
2022-07-15,332.0,336.0,320.0,320.0,320.0,998698500,0.0,0.0,yfinance_raw_daily
2022-07-18,320.0,328.0,298.0,298.0,298.0,1199187000,0.0,0.0,yfinance_raw_daily
2022-07-19,304.0,316.0,286.0,302.0,302.0,1378449800,0.0,0.0,yfinance_raw_daily
2022-07-20,306.0,314.0,304.0,308.0,308.0,973012900,0.0,0.0,yfinance_raw_daily
2022-07-21,308.0,310.0,300.0,300.0,300.0,471674900,0.0,0.0,yfinance_raw_daily
2022-07-22,300.0,310.0,300.0,308.0,308.0,901187400,0.0,0.0,yfinance_raw_daily
2022-07-25,308.0,312.0,300.0,300.0,300.0,623353800,0.0,0.0,yfinance_raw_daily
2022-07-26,300.0,304.0,292.0,292.0,292.0,793320900,0.0,0.0,yfinance_raw_daily
2022-07-27,294.0,300.0,288.0,294.0,294.0,912067900,0.0,0.0,yfinance_raw_daily
2022-07-28,300.0,310.0,296.0,306.0,306.0,1342198000,0.0,0.0,yfinance_raw_daily
2022-07-29,308.0,310.0,296.0,296.0,296.0,692858200,0.0,0.0,yfinance_raw_daily
2022-08-01,298.0,302.0,284.0,286.0,286.0,763215700,0.0,0.0,yfinance_raw_daily
2022-08-02,288.0,292.0,280.0,286.0,286.0,499654100,0.0,0.0,yfinance_raw_daily
2022-08-03,286.0,298.0,284.0,296.0,296.0,505564700,0.0,0.0,yfinance_raw_daily
2022-08-04,300.0,304.0,296.0,296.0,296.0,685966500,0.0,0.0,yfinance_raw_daily
2022-08-05,298.0,304.0,292.0,296.0,296.0,404408400,0.0,0.0,yfinance_raw_daily
2022-08-08,296.0,300.0,282.0,282.0,282.0,695393800,0.0,0.0,yfinance_raw_daily
2022-08-09,282.0,286.0,274.0,280.0,280.0,549107900,0.0,0.0,yfinance_raw_daily
2022-08-10,282.0,286.0,276.0,280.0,280.0,378601800,0.0,0.0,yfinance_raw_daily
2022-08-11,290.0,300.0,288.0,296.0,296.0,759510500,0.0,0.0,yfinance_raw_daily
2022-08-12,298.0,298.0,290.0,292.0,292.0,281931400,0.0,0.0,yfinance_raw_daily
2022-08-15,292.0,298.0,288.0,294.0,294.0,324300800,0.0,0.0,yfinance_raw_daily
2022-08-16,292.0,326.0,292.0,324.0,324.0,1630048400,0.0,0.0,yfinance_raw_daily
2022-08-18,326.0,340.0,316.0,334.0,334.0,1467786100,0.0,0.0,yfinance_raw_daily
2022-08-19,334.0,344.0,332.0,334.0,334.0,819289600,0.0,0.0,yfinance_raw_daily
2022-08-22,332.0,332.0,316.0,320.0,320.0,731674300,0.0,0.0,yfinance_raw_daily
2022-08-23,322.0,336.0,322.0,326.0,326.0,533231400,0.0,0.0,yfinance_raw_daily
2022-08-24,330.0,334.0,324.0,328.0,328.0,317306600,0.0,0.0,yfinance_raw_daily
2022-08-25,328.0,332.0,320.0,326.0,326.0,359738000,0.0,0.0,yfinance_raw_daily
2022-08-26,326.0,330.0,318.0,318.0,318.0,307009800,0.0,0.0,yfinance_raw_daily
2022-08-29,302.0,320.0,300.0,320.0,320.0,452164000,0.0,0.0,yfinance_raw_daily
2022-08-30,320.0,334.0,314.0,324.0,324.0,569989200,0.0,0.0,yfinance_raw_daily
2022-08-31,316.0,316.0,302.0,302.0,302.0,1150395400,0.0,0.0,yfinance_raw_daily
2022-09-01,300.0,300.0,288.0,290.0,290.0,604813200,0.0,0.0,yfinance_raw_daily
2022-09-02,292.0,298.0,284.0,284.0,284.0,569390900,0.0,0.0,yfinance_raw_daily
2022-09-05,284.0,292.0,280.0,282.0,282.0,551653400,0.0,0.0,yfinance_raw_daily
2022-09-06,286.0,290.0,282.0,282.0,282.0,418847200,0.0,0.0,yfinance_raw_daily
2022-09-07,282.0,294.0,280.0,282.0,282.0,1078750900,0.0,0.0,yfinance_raw_daily
2022-09-08,286.0,292.0,284.0,286.0,286.0,1297537200,0.0,0.0,yfinance_raw_daily
2022-09-09,288.0,290.0,278.0,282.0,282.0,722741900,0.0,0.0,yfinance_raw_daily
2022-09-12,284.0,286.0,276.0,278.0,278.0,722425300,0.0,0.0,yfinance_raw_daily
2022-09-13,280.0,284.0,276.0,276.0,276.0,646000200,0.0,0.0,yfinance_raw_daily
2022-09-14,272.0,278.0,268.0,272.0,272.0,942221600,0.0,0.0,yfinance_raw_daily
2022-09-15,274.0,276.0,266.0,266.0,266.0,1309751800,0.0,0.0,yfinance_raw_daily
2022-09-16,266.0,266.0,248.0,248.0,248.0,1907902100,0.0,0.0,yfinance_raw_daily
2022-09-19,248.0,248.0,234.0,242.0,242.0,1180390700,0.0,0.0,yfinance_raw_daily
2022-09-20,244.0,268.0,244.0,266.0,266.0,1631009500,0.0,0.0,yfinance_raw_daily
2022-09-21,268.0,272.0,256.0,264.0,264.0,478347600,0.0,0.0,yfinance_raw_daily
2022-09-22,260.0,264.0,256.0,264.0,264.0,316075300,0.0,0.0,yfinance_raw_daily
2022-09-23,264.0,266.0,260.0,264.0,264.0,323786500,0.0,0.0,yfinance_raw_daily
2022-09-26,258.0,260.0,248.0,256.0,256.0,769370300,0.0,0.0,yfinance_raw_daily
2022-09-27,256.0,258.0,250.0,252.0,252.0,409587600,0.0,0.0,yfinance_raw_daily
2022-09-28,252.0,266.0,244.0,258.0,258.0,658985500,0.0,0.0,yfinance_raw_daily
2022-09-29,262.0,264.0,248.0,250.0,250.0,296437700,0.0,0.0,yfinance_raw_daily
2022-09-30,250.0,254.0,240.0,246.0,246.0,803170900,0.0,0.0,yfinance_raw_daily
2022-10-03,244.0,246.0,236.0,238.0,238.0,616023400,0.0,0.0,yfinance_raw_daily
2022-10-04,240.0,244.0,236.0,238.0,238.0,549085500,0.0,0.0,yfinance_raw_daily
2022-10-05,240.0,244.0,236.0,242.0,242.0,585580100,0.0,0.0,yfinance_raw_daily
2022-10-06,246.0,254.0,244.0,246.0,246.0,927469300,0.0,0.0,yfinance_raw_daily
2022-10-07,246.0,254.0,240.0,244.0,244.0,362853000,0.0,0.0,yfinance_raw_daily
2022-10-10,240.0,244.0,238.0,242.0,242.0,207344500,0.0,0.0,yfinance_raw_daily
2022-10-11,244.0,244.0,228.0,228.0,228.0,663946000,0.0,0.0,yfinance_raw_daily
2022-10-12,226.0,230.0,216.0,218.0,218.0,723078400,0.0,0.0,yfinance_raw_daily
2022-10-13,218.0,226.0,212.0,212.0,212.0,681890600,0.0,0.0,yfinance_raw_daily
2022-10-14,218.0,220.0,202.0,202.0,202.0,820686500,0.0,0.0,yfinance_raw_daily
2022-10-17,202.0,220.0,200.0,208.0,208.0,1004378600,0.0,0.0,yfinance_raw_daily
2022-10-18,212.0,216.0,204.0,206.0,206.0,633648100,0.0,0.0,yfinance_raw_daily
2022-10-19,208.0,210.0,202.0,204.0,204.0,469606700,0.0,0.0,yfinance_raw_daily
2022-10-20,204.0,216.0,202.0,206.0,206.0,1457661900,0.0,0.0,yfinance_raw_daily
2022-10-21,208.0,212.0,200.0,200.0,200.0,757002500,0.0,0.0,yfinance_raw_daily
2022-10-24,202.0,204.0,190.0,190.0,190.0,1350719400,0.0,0.0,yfinance_raw_daily
2022-10-25,190.0,196.0,183.0,193.0,193.0,1586468900,0.0,0.0,yfinance_raw_daily
2022-10-26,194.0,204.0,194.0,197.0,197.0,1716782100,0.0,0.0,yfinance_raw_daily
2022-10-27,199.0,202.0,193.0,198.0,198.0,871228300,0.0,0.0,yfinance_raw_daily
2022-10-28,199.0,200.0,189.0,189.0,189.0,722541000,0.0,0.0,yfinance_raw_daily
2022-10-31,192.0,193.0,186.0,186.0,186.0,710166900,0.0,0.0,yfinance_raw_daily
2022-11-01,187.0,190.0,183.0,184.0,184.0,509600800,0.0,0.0,yfinance_raw_daily
2022-11-02,185.0,195.0,184.0,195.0,195.0,862237100,0.0,0.0,yfinance_raw_daily
2022-11-03,195.0,206.0,190.0,200.0,200.0,1695523200,0.0,0.0,yfinance_raw_daily
2022-11-04,204.0,208.0,198.0,200.0,200.0,734140700,0.0,0.0,yfinance_raw_daily
2022-11-07,202.0,204.0,191.0,197.0,197.0,563929600,0.0,0.0,yfinance_raw_daily
2022-11-08,197.0,199.0,194.0,194.0,194.0,283015000,0.0,0.0,yfinance_raw_daily
2022-11-09,195.0,202.0,194.0,199.0,199.0,606657100,0.0,0.0,yfinance_raw_daily
2022-11-10,198.0,202.0,186.0,188.0,188.0,1244264600,0.0,0.0,yfinance_raw_daily
2022-11-11,198.0,214.0,192.0,210.0,210.0,2048184500,0.0,0.0,yfinance_raw_daily
2022-11-14,210.0,214.0,202.0,204.0,204.0,718525700,0.0,0.0,yfinance_raw_daily
2022-11-15,206.0,208.0,200.0,204.0,204.0,541628500,0.0,0.0,yfinance_raw_daily
2022-11-16,212.0,218.0,202.0,218.0,218.0,1271055100,0.0,0.0,yfinance_raw_daily
2022-11-17,218.0,218.0,210.0,214.0,214.0,516263700,0.0,0.0,yfinance_raw_daily
2022-11-18,216.0,226.0,212.0,222.0,222.0,1401184800,0.0,0.0,yfinance_raw_daily
2022-11-21,220.0,220.0,210.0,210.0,210.0,970473000,0.0,0.0,yfinance_raw_daily
2022-11-22,210.0,210.0,196.0,196.0,196.0,1594524700,0.0,0.0,yfinance_raw_daily
2022-11-23,192.0,198.0,190.0,191.0,191.0,876202200,0.0,0.0,yfinance_raw_daily
2022-11-24,193.0,195.0,188.0,188.0,188.0,676498700,0.0,0.0,yfinance_raw_daily
2022-11-25,189.0,191.0,183.0,185.0,185.0,928443000,0.0,0.0,yfinance_raw_daily
2022-11-28,185.0,189.0,173.0,173.0,173.0,1756591500,0.0,0.0,yfinance_raw_daily
2022-11-29,173.0,173.0,161.0,162.0,162.0,1747506600,0.0,0.0,yfinance_raw_daily
2022-11-30,159.0,170.0,151.0,151.0,151.0,3201332700,0.0,0.0,yfinance_raw_daily
2022-12-01,141.0,141.0,141.0,141.0,141.0,465761900,0.0,0.0,yfinance_raw_daily
2022-12-02,132.0,132.0,132.0,132.0,132.0,194519700,0.0,0.0,yfinance_raw_daily
2022-12-05,123.0,123.0,123.0,123.0,123.0,172815100,0.0,0.0,yfinance_raw_daily
2022-12-06,115.0,115.0,115.0,115.0,115.0,188696800,0.0,0.0,yfinance_raw_daily
2022-12-07,107.0,107.0,107.0,107.0,107.0,248475200,0.0,0.0,yfinance_raw_daily
2022-12-08,100.0,100.0,100.0,100.0,100.0,482718800,0.0,0.0,yfinance_raw_daily
2022-12-09,93.0,93.0,93.0,93.0,93.0,280769900,0.0,0.0,yfinance_raw_daily
2022-12-12,87.0,87.0,87.0,87.0,87.0,283769700,0.0,0.0,yfinance_raw_daily
2022-12-13,81.0,108.0,81.0,100.0,100.0,26555346900,0.0,0.0,yfinance_raw_daily
2022-12-14,102.0,104.0,93.0,94.0,94.0,8603484800,0.0,0.0,yfinance_raw_daily
2022-12-15,94.0,97.0,90.0,97.0,97.0,3462893800,0.0,0.0,yfinance_raw_daily
2022-12-16,95.0,97.0,92.0,96.0,96.0,2824421100,0.0,0.0,yfinance_raw_daily
2022-12-19,95.0,95.0,91.0,92.0,92.0,2101922500,0.0,0.0,yfinance_raw_daily
2022-12-20,92.0,94.0,87.0,87.0,87.0,3307702700,0.0,0.0,yfinance_raw_daily
2022-12-21,89.0,89.0,84.0,89.0,89.0,2681076200,0.0,0.0,yfinance_raw_daily
2022-12-22,90.0,90.0,87.0,89.0,89.0,1597245400,0.0,0.0,yfinance_raw_daily
2022-12-23,89.0,89.0,86.0,86.0,86.0,1468730500,0.0,0.0,yfinance_raw_daily
2022-12-26,86.0,87.0,81.0,82.0,82.0,1796841400,0.0,0.0,yfinance_raw_daily
2022-12-27,82.0,91.0,82.0,91.0,91.0,2664999700,0.0,0.0,yfinance_raw_daily
2022-12-28,91.0,92.0,89.0,91.0,91.0,1870751400,0.0,0.0,yfinance_raw_daily
2022-12-29,91.0,99.0,90.0,97.0,97.0,4103905500,0.0,0.0,yfinance_raw_daily
2022-12-30,97.0,97.0,91.0,91.0,91.0,2801920800,0.0,0.0,yfinance_raw_daily
2023-01-02,91.0,94.0,91.0,93.0,93.0,897258100,0.0,0.0,yfinance_raw_daily
2023-01-03,93.0,97.0,93.0,95.0,95.0,2761729900,0.0,0.0,yfinance_raw_daily
2023-01-04,95.0,97.0,93.0,96.0,96.0,1816437300,0.0,0.0,yfinance_raw_daily
2023-01-05,96.0,96.0,91.0,92.0,92.0,1795026400,0.0,0.0,yfinance_raw_daily
2023-01-06,92.0,95.0,91.0,95.0,95.0,802624500,0.0,0.0,yfinance_raw_daily
2023-01-09,95.0,96.0,91.0,93.0,93.0,1911356800,0.0,0.0,yfinance_raw_daily
2023-01-10,93.0,96.0,92.0,95.0,95.0,1876902000,0.0,0.0,yfinance_raw_daily
2023-01-11,95.0,96.0,93.0,94.0,94.0,632614500,0.0,0.0,yfinance_raw_daily
2023-01-12,95.0,98.0,93.0,97.0,97.0,2508642100,0.0,0.0,yfinance_raw_daily
2023-01-13,97.0,107.0,96.0,105.0,105.0,6370530700,0.0,0.0,yfinance_raw_daily
2023-01-16,105.0,107.0,103.0,107.0,107.0,3602544900,0.0,0.0,yfinance_raw_daily
2023-01-17,108.0,117.0,107.0,114.0,114.0,7642543700,0.0,0.0,yfinance_raw_daily
2023-01-18,115.0,118.0,111.0,114.0,114.0,4022915200,0.0,0.0,yfinance_raw_daily
2023-01-19,113.0,116.0,111.0,115.0,115.0,2689869700,0.0,0.0,yfinance_raw_daily
2023-01-20,116.0,118.0,111.0,114.0,114.0,4169642200,0.0,0.0,yfinance_raw_daily
2023-01-24,115.0,120.0,113.0,119.0,119.0,6586988600,0.0,0.0,yfinance_raw_daily
2023-01-25,119.0,121.0,114.0,117.0,117.0,5141106500,0.0,0.0,yfinance_raw_daily
2023-01-26,115.0,117.0,114.0,115.0,115.0,2412800600,0.0,0.0,yfinance_raw_daily
2023-01-27,115.0,118.0,115.0,117.0,117.0,2461734200,0.0,0.0,yfinance_raw_daily
2023-01-30,117.0,117.0,112.0,113.0,113.0,1662060700,0.0,0.0,yfinance_raw_daily
2023-01-31,111.0,113.0,109.0,112.0,112.0,2929808600,0.0,0.0,yfinance_raw_daily
2023-02-01,112.0,115.0,111.0,113.0,113.0,1700371800,0.0,0.0,yfinance_raw_daily
2023-02-02,115.0,125.0,114.0,124.0,124.0,6121060400,0.0,0.0,yfinance_raw_daily
2023-02-03,125.0,128.0,122.0,124.0,124.0,4983617500,0.0,0.0,yfinance_raw_daily
2023-02-06,124.0,124.0,120.0,120.0,120.0,1838131300,0.0,0.0,yfinance_raw_daily
2023-02-07,120.0,127.0,120.0,123.0,123.0,3152141000,0.0,0.0,yfinance_raw_daily
2023-02-08,124.0,125.0,119.0,120.0,120.0,2752037500,0.0,0.0,yfinance_raw_daily
2023-02-09,121.0,123.0,112.0,112.0,112.0,4732017300,0.0,0.0,yfinance_raw_daily
2023-02-10,105.0,105.0,105.0,105.0,105.0,803642100,0.0,0.0,yfinance_raw_daily
2023-02-13,102.0,117.0,102.0,116.0,116.0,10381585300,0.0,0.0,yfinance_raw_daily
2023-02-14,118.0,122.0,117.0,119.0,119.0,3119397900,0.0,0.0,yfinance_raw_daily
2023-02-15,120.0,120.0,115.0,118.0,118.0,2267807300,0.0,0.0,yfinance_raw_daily
2023-02-16,121.0,122.0,118.0,121.0,121.0,3464330000,0.0,0.0,yfinance_raw_daily
2023-02-17,122.0,127.0,122.0,125.0,125.0,7262941800,0.0,0.0,yfinance_raw_daily
2023-02-20,127.0,128.0,120.0,122.0,122.0,6521473000,0.0,0.0,yfinance_raw_daily
2023-02-21,122.0,123.0,120.0,121.0,121.0,2981870500,0.0,0.0,yfinance_raw_daily
2023-02-22,119.0,120.0,113.0,116.0,116.0,4225445100,0.0,0.0,yfinance_raw_daily
2023-02-23,118.0,119.0,115.0,116.0,116.0,1792359400,0.0,0.0,yfinance_raw_daily
2023-02-24,118.0,122.0,116.0,120.0,120.0,2348456200,0.0,0.0,yfinance_raw_daily
2023-02-27,120.0,122.0,117.0,118.0,118.0,2277082600,0.0,0.0,yfinance_raw_daily
2023-02-28,118.0,119.0,114.0,118.0,118.0,3160179500,0.0,0.0,yfinance_raw_daily
2023-03-01,119.0,123.0,118.0,122.0,122.0,3981849100,0.0,0.0,yfinance_raw_daily
2023-03-02,122.0,125.0,120.0,121.0,121.0,2721105200,0.0,0.0,yfinance_raw_daily
2023-03-03,123.0,124.0,122.0,124.0,124.0,2184394100,0.0,0.0,yfinance_raw_daily
2023-03-06,125.0,129.0,124.0,128.0,128.0,3551983600,0.0,0.0,yfinance_raw_daily
2023-03-07,129.0,132.0,128.0,129.0,129.0,3779176100,0.0,0.0,yfinance_raw_daily
2023-03-08,129.0,131.0,126.0,130.0,130.0,4196129100,0.0,0.0,yfinance_raw_daily
2023-03-09,131.0,132.0,128.0,129.0,129.0,1922759300,0.0,0.0,yfinance_raw_daily
2023-03-10,128.0,129.0,123.0,125.0,125.0,2283679700,0.0,0.0,yfinance_raw_daily
2023-03-13,124.0,129.0,121.0,126.0,126.0,4384992200,0.0,0.0,yfinance_raw_daily
2023-03-14,126.0,127.0,118.0,121.0,121.0,3851197200,0.0,0.0,yfinance_raw_daily
2023-03-15,124.0,125.0,119.0,121.0,121.0,3063900200,0.0,0.0,yfinance_raw_daily
2023-03-16,121.0,121.0,116.0,117.0,117.0,2961356000,0.0,0.0,yfinance_raw_daily
2023-03-17,119.0,121.0,113.0,116.0,116.0,58034016600,0.0,0.0,yfinance_raw_daily
2023-03-20,115.0,116.0,108.0,108.0,108.0,2667209800,0.0,0.0,yfinance_raw_daily
2023-03-21,105.0,111.0,103.0,110.0,110.0,4671194300,0.0,0.0,yfinance_raw_daily
2023-03-24,112.0,115.0,111.0,115.0,115.0,3269322300,0.0,0.0,yfinance_raw_daily
2023-03-27,115.0,117.0,113.0,115.0,115.0,1562022400,0.0,0.0,yfinance_raw_daily
2023-03-28,116.0,118.0,115.0,118.0,118.0,1526839400,0.0,0.0,yfinance_raw_daily
2023-03-29,118.0,119.0,115.0,116.0,116.0,2192202900,0.0,0.0,yfinance_raw_daily
2023-03-30,117.0,118.0,112.0,112.0,112.0,2525410300,0.0,0.0,yfinance_raw_daily
2023-03-31,113.0,113.0,109.0,109.0,109.0,3043461400,0.0,0.0,yfinance_raw_daily
2023-04-03,110.0,112.0,108.0,110.0,110.0,2344341500,0.0,0.0,yfinance_raw_daily
2023-04-04,111.0,111.0,108.0,110.0,110.0,1524521400,0.0,0.0,yfinance_raw_daily
2023-04-05,110.0,111.0,106.0,107.0,107.0,1998405100,0.0,0.0,yfinance_raw_daily
2023-04-06,107.0,107.0,100.0,101.0,101.0,7189254300,0.0,0.0,yfinance_raw_daily
2023-04-10,100.0,101.0,94.0,94.0,94.0,3935236200,0.0,0.0,yfinance_raw_daily
2023-04-11,92.0,100.0,89.0,99.0,99.0,5972809700,0.0,0.0,yfinance_raw_daily
2023-04-12,99.0,99.0,93.0,93.0,93.0,4216335000,0.0,0.0,yfinance_raw_daily
2023-04-13,89.0,93.0,89.0,91.0,91.0,5114014300,0.0,0.0,yfinance_raw_daily
2023-04-14,92.0,97.0,92.0,92.0,92.0,3840963100,0.0,0.0,yfinance_raw_daily
2023-04-17,93.0,94.0,92.0,92.0,92.0,1182628900,0.0,0.0,yfinance_raw_daily
2023-04-18,93.0,95.0,92.0,95.0,95.0,956749500,0.0,0.0,yfinance_raw_daily
2023-04-26,94.0,96.0,92.0,95.0,95.0,1838524300,0.0,0.0,yfinance_raw_daily
2023-04-27,95.0,104.0,95.0,99.0,99.0,5844603100,0.0,0.0,yfinance_raw_daily
2023-04-28,101.0,105.0,101.0,104.0,104.0,2867792700,0.0,0.0,yfinance_raw_daily
2023-05-02,104.0,106.0,102.0,103.0,103.0,1548215600,0.0,0.0,yfinance_raw_daily
2023-05-03,103.0,103.0,98.0,100.0,100.0,1867045500,0.0,0.0,yfinance_raw_daily
2023-05-04,99.0,110.0,98.0,109.0,109.0,3535125100,0.0,0.0,yfinance_raw_daily
2023-05-05,109.0,110.0,104.0,106.0,106.0,3105323400,0.0,0.0,yfinance_raw_daily
2023-05-08,107.0,110.0,104.0,106.0,106.0,4112031600,0.0,0.0,yfinance_raw_daily
2023-05-09,108.0,112.0,106.0,109.0,109.0,4161078000,0.0,0.0,yfinance_raw_daily
2023-05-10,110.0,118.0,109.0,118.0,118.0,5983231300,0.0,0.0,yfinance_raw_daily
2023-05-11,118.0,120.0,112.0,116.0,116.0,5732919300,0.0,0.0,yfinance_raw_daily
2023-05-12,119.0,119.0,115.0,116.0,116.0,7321741000,0.0,0.0,yfinance_raw_daily
2023-05-15,116.0,118.0,115.0,117.0,117.0,3716716500,0.0,0.0,yfinance_raw_daily
2023-05-16,117.0,119.0,117.0,118.0,118.0,3021416700,0.0,0.0,yfinance_raw_daily
2023-05-17,118.0,120.0,113.0,113.0,113.0,5592195100,0.0,0.0,yfinance_raw_daily
2023-05-19,114.0,116.0,113.0,115.0,115.0,4214466700,0.0,0.0,yfinance_raw_daily
2023-05-22,115.0,117.0,114.0,114.0,114.0,4221737600,0.0,0.0,yfinance_raw_daily
2023-05-23,115.0,115.0,113.0,115.0,115.0,4251378800,0.0,0.0,yfinance_raw_daily
2023-05-24,114.0,114.0,112.0,114.0,114.0,3619630900,0.0,0.0,yfinance_raw_daily
2023-05-25,113.0,114.0,111.0,111.0,111.0,4305481100,0.0,0.0,yfinance_raw_daily
2023-05-26,112.0,112.0,104.0,104.0,104.0,3861463800,0.0,0.0,yfinance_raw_daily
2023-05-29,104.0,109.0,103.0,108.0,108.0,4966821400,0.0,0.0,yfinance_raw_daily
2023-05-30,109.0,112.0,108.0,109.0,109.0,5728320300,0.0,0.0,yfinance_raw_daily
2023-05-31,110.0,147.0,104.0,147.0,147.0,66010808800,0.0,0.0,yfinance_raw_daily
2023-06-05,125.0,125.0,125.0,125.0,125.0,3172186900,0.0,0.0,yfinance_raw_daily
2023-06-06,115.0,128.0,115.0,119.0,119.0,10141976800,0.0,0.0,yfinance_raw_daily
2023-06-07,119.0,121.0,114.0,116.0,116.0,3915981300,0.0,0.0,yfinance_raw_daily
2023-06-08,115.0,125.0,113.0,125.0,125.0,5204715100,0.0,0.0,yfinance_raw_daily
2023-06-09,125.0,130.0,124.0,127.0,127.0,7172535400,0.0,0.0,yfinance_raw_daily
2023-06-12,126.0,127.0,123.0,124.0,124.0,3813070300,0.0,0.0,yfinance_raw_daily
2023-06-13,123.0,124.0,119.0,121.0,121.0,4021624800,0.0,0.0,yfinance_raw_daily
2023-06-14,121.0,122.0,115.0,116.0,116.0,3500010200,0.0,0.0,yfinance_raw_daily
2023-06-15,116.0,117.0,114.0,116.0,116.0,3125574800,0.0,0.0,yfinance_raw_daily
2023-06-16,117.0,117.0,115.0,117.0,117.0,4424854900,0.0,0.0,yfinance_raw_daily
2023-06-19,119.0,119.0,117.0,117.0,117.0,2266856900,0.0,0.0,yfinance_raw_daily
2023-06-20,118.0,119.0,117.0,118.0,118.0,1709433100,0.0,0.0,yfinance_raw_daily
2023-06-21,118.0,119.0,117.0,118.0,118.0,1370208100,0.0,0.0,yfinance_raw_daily
2023-06-22,118.0,118.0,115.0,115.0,115.0,2221730900,0.0,0.0,yfinance_raw_daily
2023-06-23,115.0,116.0,113.0,113.0,113.0,1320419500,0.0,0.0,yfinance_raw_daily
2023-06-26,112.0,114.0,110.0,114.0,114.0,2611487000,0.0,0.0,yfinance_raw_daily
2023-06-27,113.0,114.0,109.0,110.0,110.0,3939117000,0.0,0.0,yfinance_raw_daily
2023-07-03,110.0,112.0,109.0,112.0,112.0,1637549900,0.0,0.0,yfinance_raw_daily
2023-07-04,112.0,112.0,108.0,109.0,109.0,1577276000,0.0,0.0,yfinance_raw_daily
2023-07-05,109.0,110.0,107.0,109.0,109.0,1323145400,0.0,0.0,yfinance_raw_daily
2023-07-06,108.0,112.0,108.0,112.0,112.0,1816152500,0.0,0.0,yfinance_raw_daily
2023-07-07,111.0,112.0,108.0,108.0,108.0,1548015500,0.0,0.0,yfinance_raw_daily
2023-07-10,108.0,109.0,107.0,108.0,108.0,906201900,0.0,0.0,yfinance_raw_daily
2023-07-11,108.0,110.0,106.0,106.0,106.0,2241201500,0.0,0.0,yfinance_raw_daily
2023-07-12,106.0,108.0,105.0,108.0,108.0,1657452800,0.0,0.0,yfinance_raw_daily
2023-07-13,108.0,110.0,107.0,109.0,109.0,2486433600,0.0,0.0,yfinance_raw_daily
2023-07-14,108.0,114.0,108.0,113.0,113.0,2787282700,0.0,0.0,yfinance_raw_daily
2023-07-17,112.0,119.0,111.0,118.0,118.0,5259739000,0.0,0.0,yfinance_raw_daily
2023-07-18,117.0,118.0,114.0,115.0,115.0,3676308800,0.0,0.0,yfinance_raw_daily
2023-07-20,115.0,116.0,114.0,114.0,114.0,1291403400,0.0,0.0,yfinance_raw_daily
2023-07-21,113.0,114.0,111.0,113.0,113.0,1724153900,0.0,0.0,yfinance_raw_daily
2023-07-24,112.0,113.0,110.0,111.0,111.0,2390622100,0.0,0.0,yfinance_raw_daily
2023-07-25,111.0,115.0,111.0,114.0,114.0,2132764100,0.0,0.0,yfinance_raw_daily
2023-07-26,114.0,115.0,112.0,113.0,113.0,1549526400,0.0,0.0,yfinance_raw_daily
2023-07-27,113.0,115.0,111.0,111.0,111.0,1293790200,0.0,0.0,yfinance_raw_daily
2023-07-28,111.0,113.0,111.0,111.0,111.0,1045859700,0.0,0.0,yfinance_raw_daily
2023-07-31,111.0,113.0,109.0,113.0,113.0,2236846500,0.0,0.0,yfinance_raw_daily
2023-08-01,113.0,115.0,112.0,112.0,112.0,1685088000,0.0,0.0,yfinance_raw_daily
2023-08-02,112.0,113.0,109.0,109.0,109.0,2203219400,0.0,0.0,yfinance_raw_daily
2023-08-03,108.0,110.0,108.0,109.0,109.0,1560053200,0.0,0.0,yfinance_raw_daily
2023-08-04,108.0,110.0,107.0,108.0,108.0,1223271700,0.0,0.0,yfinance_raw_daily
2023-08-07,108.0,109.0,106.0,109.0,109.0,1725214800,0.0,0.0,yfinance_raw_daily
2023-08-08,108.0,109.0,103.0,104.0,104.0,3338224900,0.0,0.0,yfinance_raw_daily
2023-08-09,103.0,104.0,92.0,93.0,93.0,8576395700,0.0,0.0,yfinance_raw_daily
2023-08-10,93.0,98.0,91.0,94.0,94.0,4564040400,0.0,0.0,yfinance_raw_daily
2023-08-11,95.0,96.0,90.0,91.0,91.0,3487818100,0.0,0.0,yfinance_raw_daily
2023-08-14,92.0,93.0,90.0,91.0,91.0,1782689300,0.0,0.0,yfinance_raw_daily
2023-08-15,91.0,97.0,91.0,97.0,97.0,3623598700,0.0,0.0,yfinance_raw_daily
2023-08-16,98.0,98.0,92.0,93.0,93.0,2982317700,0.0,0.0,yfinance_raw_daily
2023-08-18,92.0,94.0,91.0,92.0,92.0,2036158900,0.0,0.0,yfinance_raw_daily
2023-08-21,92.0,94.0,88.0,88.0,88.0,3285717900,0.0,0.0,yfinance_raw_daily
2023-08-22,88.0,90.0,88.0,88.0,88.0,1829490700,0.0,0.0,yfinance_raw_daily
2023-08-23,89.0,90.0,85.0,86.0,86.0,2971228900,0.0,0.0,yfinance_raw_daily
2023-08-24,86.0,87.0,84.0,85.0,85.0,2139426800,0.0,0.0,yfinance_raw_daily
2023-08-25,85.0,86.0,84.0,84.0,84.0,1891515700,0.0,0.0,yfinance_raw_daily
2023-08-28,85.0,85.0,83.0,85.0,85.0,1258556100,0.0,0.0,yfinance_raw_daily
2023-08-29,85.0,92.0,84.0,91.0,91.0,5895349700,0.0,0.0,yfinance_raw_daily
2023-08-30,92.0,93.0,90.0,91.0,91.0,1791810200,0.0,0.0,yfinance_raw_daily
2023-08-31,92.0,96.0,90.0,96.0,96.0,7823385500,0.0,0.0,yfinance_raw_daily
2023-09-01,95.0,97.0,94.0,95.0,95.0,1217262200,0.0,0.0,yfinance_raw_daily
2023-09-04,95.0,96.0,92.0,93.0,93.0,781467500,0.0,0.0,yfinance_raw_daily
2023-09-05,92.0,94.0,90.0,90.0,90.0,1187086600,0.0,0.0,yfinance_raw_daily
2023-09-06,90.0,92.0,89.0,91.0,91.0,1162712100,0.0,0.0,yfinance_raw_daily
2023-09-07,92.0,99.0,92.0,94.0,94.0,5148035100,0.0,0.0,yfinance_raw_daily
2023-09-08,94.0,95.0,92.0,93.0,93.0,1383698800,0.0,0.0,yfinance_raw_daily
2023-09-11,93.0,93.0,86.0,89.0,89.0,3471215900,0.0,0.0,yfinance_raw_daily
2023-09-12,89.0,89.0,86.0,88.0,88.0,1606448800,0.0,0.0,yfinance_raw_daily
2023-09-13,88.0,90.0,86.0,87.0,87.0,1593539700,0.0,0.0,yfinance_raw_daily
2023-09-14,88.0,91.0,87.0,88.0,88.0,1489175200,0.0,0.0,yfinance_raw_daily
2023-09-15,89.0,93.0,88.0,92.0,92.0,3597333200,0.0,0.0,yfinance_raw_daily
2023-09-18,91.0,94.0,90.0,92.0,92.0,1348133400,0.0,0.0,yfinance_raw_daily
2023-09-19,91.0,92.0,90.0,90.0,90.0,550038500,0.0,0.0,yfinance_raw_daily
2023-09-20,90.0,93.0,90.0,90.0,90.0,1687125100,0.0,0.0,yfinance_raw_daily
2023-09-21,90.0,91.0,87.0,88.0,88.0,1530818800,0.0,0.0,yfinance_raw_daily
2023-09-22,88.0,90.0,87.0,87.0,87.0,1058373800,0.0,0.0,yfinance_raw_daily
2023-09-25,88.0,89.0,87.0,87.0,87.0,1603642100,0.0,0.0,yfinance_raw_daily
2023-09-26,91.0,92.0,87.0,87.0,87.0,5154826100,0.0,0.0,yfinance_raw_daily
2023-09-27,87.0,88.0,85.0,86.0,86.0,2659270500,0.0,0.0,yfinance_raw_daily
2023-09-29,85.0,87.0,84.0,85.0,85.0,2859965800,0.0,0.0,yfinance_raw_daily
2023-10-02,85.0,87.0,85.0,85.0,85.0,986519300,0.0,0.0,yfinance_raw_daily
2023-10-03,85.0,86.0,83.0,83.0,83.0,2448384100,0.0,0.0,yfinance_raw_daily
2023-10-04,83.0,84.0,82.0,82.0,82.0,3138177300,0.0,0.0,yfinance_raw_daily
2023-10-05,83.0,86.0,83.0,84.0,84.0,2428232100,0.0,0.0,yfinance_raw_daily
2023-10-06,85.0,85.0,83.0,84.0,84.0,1962597700,0.0,0.0,yfinance_raw_daily
2023-10-09,83.0,84.0,82.0,83.0,83.0,1248266200,0.0,0.0,yfinance_raw_daily
2023-10-10,84.0,84.0,82.0,82.0,82.0,933401300,0.0,0.0,yfinance_raw_daily
2023-10-11,82.0,83.0,79.0,79.0,79.0,4908844300,0.0,0.0,yfinance_raw_daily
2023-10-12,79.0,80.0,71.0,73.0,73.0,7212174800,0.0,0.0,yfinance_raw_daily
2023-10-13,73.0,75.0,66.0,67.0,67.0,8916016400,0.0,0.0,yfinance_raw_daily
2023-10-16,66.0,70.0,54.0,66.0,66.0,18896754400,0.0,0.0,yfinance_raw_daily
2023-10-17,67.0,69.0,61.0,65.0,65.0,5588281300,0.0,0.0,yfinance_raw_daily
2023-10-18,65.0,66.0,62.0,63.0,63.0,3065112200,0.0,0.0,yfinance_raw_daily
2023-10-19,63.0,66.0,62.0,64.0,64.0,3617021300,0.0,0.0,yfinance_raw_daily
2023-10-20,61.0,62.0,58.0,60.0,60.0,5213928100,0.0,0.0,yfinance_raw_daily
2023-10-23,61.0,65.0,61.0,63.0,63.0,4144242600,0.0,0.0,yfinance_raw_daily
2023-10-24,64.0,66.0,63.0,63.0,63.0,2156764800,0.0,0.0,yfinance_raw_daily
2023-10-25,63.0,64.0,60.0,60.0,60.0,2333212100,0.0,0.0,yfinance_raw_daily
2023-10-26,60.0,60.0,56.0,57.0,57.0,4355604000,0.0,0.0,yfinance_raw_daily
2023-10-27,56.0,58.0,55.0,56.0,56.0,4221228800,0.0,0.0,yfinance_raw_daily
2023-10-30,56.0,58.0,55.0,56.0,56.0,3227537700,0.0,0.0,yfinance_raw_daily
2023-10-31,56.0,62.0,55.0,60.0,60.0,6189908200,0.0,0.0,yfinance_raw_daily
2023-11-01,61.0,64.0,60.0,62.0,62.0,5268048300,0.0,0.0,yfinance_raw_daily
2023-11-02,64.0,72.0,63.0,71.0,71.0,9289070300,0.0,0.0,yfinance_raw_daily
2023-11-03,73.0,78.0,69.0,70.0,70.0,12357064800,0.0,0.0,yfinance_raw_daily
2023-11-06,71.0,77.0,67.0,76.0,76.0,11609322800,0.0,0.0,yfinance_raw_daily
2023-11-07,78.0,78.0,73.0,77.0,77.0,4504171300,0.0,0.0,yfinance_raw_daily
2023-11-08,77.0,77.0,73.0,76.0,76.0,3477038100,0.0,0.0,yfinance_raw_daily
2023-11-09,75.0,76.0,74.0,75.0,75.0,1518268000,0.0,0.0,yfinance_raw_daily
2023-11-10,75.0,78.0,74.0,76.0,76.0,3357085400,0.0,0.0,yfinance_raw_daily
2023-11-13,77.0,83.0,76.0,79.0,79.0,9298881400,0.0,0.0,yfinance_raw_daily
2023-11-14,78.0,82.0,76.0,81.0,81.0,5498986700,0.0,0.0,yfinance_raw_daily
2023-11-15,84.0,87.0,83.0,86.0,86.0,6644867700,0.0,0.0,yfinance_raw_daily
2023-11-16,86.0,87.0,84.0,86.0,86.0,2298431700,0.0,0.0,yfinance_raw_daily
2023-11-17,86.0,88.0,84.0,84.0,84.0,2981278100,0.0,0.0,yfinance_raw_daily
2023-11-20,85.0,89.0,85.0,89.0,89.0,4394326900,0.0,0.0,yfinance_raw_daily
2023-11-21,90.0,92.0,87.0,88.0,88.0,5198685700,0.0,0.0,yfinance_raw_daily
2023-11-22,88.0,89.0,82.0,84.0,84.0,6607513200,0.0,0.0,yfinance_raw_daily
2023-11-23,88.0,94.0,87.0,94.0,94.0,9123547000,0.0,0.0,yfinance_raw_daily
2023-11-24,94.0,96.0,93.0,94.0,94.0,4614062100,0.0,0.0,yfinance_raw_daily
2023-11-27,95.0,96.0,94.0,95.0,95.0,1908160100,0.0,0.0,yfinance_raw_daily
2023-11-28,95.0,95.0,91.0,91.0,91.0,3143885400,0.0,0.0,yfinance_raw_daily
2023-11-29,92.0,94.0,91.0,94.0,94.0,3080840600,0.0,0.0,yfinance_raw_daily
2023-11-30,95.0,99.0,93.0,97.0,97.0,7385280200,0.0,0.0,yfinance_raw_daily
2023-12-01,100.0,109.0,98.0,109.0,109.0,13428030100,0.0,0.0,yfinance_raw_daily
2023-12-04,110.0,116.0,100.0,100.0,100.0,16585726300,0.0,0.0,yfinance_raw_daily
2023-12-05,101.0,105.0,91.0,101.0,101.0,17958163300,0.0,0.0,yfinance_raw_daily
2023-12-06,103.0,103.0,91.0,92.0,92.0,12740767300,0.0,0.0,yfinance_raw_daily
2023-12-07,92.0,97.0,87.0,95.0,95.0,10304424500,0.0,0.0,yfinance_raw_daily
2023-12-08,97.0,110.0,94.0,108.0,108.0,13024490900,0.0,0.0,yfinance_raw_daily
2023-12-11,109.0,110.0,82.0,86.0,86.0,34077962600,0.0,0.0,yfinance_raw_daily
2023-12-12,86.0,95.0,81.0,94.0,94.0,11639048100,0.0,0.0,yfinance_raw_daily
2023-12-13,93.0,94.0,88.0,89.0,89.0,6156560000,0.0,0.0,yfinance_raw_daily
2023-12-14,95.0,97.0,91.0,94.0,94.0,8677211700,0.0,0.0,yfinance_raw_daily
2023-12-15,93.0,94.0,91.0,93.0,93.0,3854647300,0.0,0.0,yfinance_raw_daily
2023-12-18,92.0,92.0,83.0,86.0,86.0,10422864500,0.0,0.0,yfinance_raw_daily
2023-12-19,86.0,92.0,84.0,87.0,87.0,4229529900,0.0,0.0,yfinance_raw_daily
2023-12-20,88.0,90.0,86.0,88.0,88.0,1556573400,0.0,0.0,yfinance_raw_daily
2023-12-21,88.0,89.0,86.0,88.0,88.0,1534795200,0.0,0.0,yfinance_raw_daily
2023-12-22,90.0,90.0,86.0,86.0,86.0,1601574600,0.0,0.0,yfinance_raw_daily
2023-12-27,86.0,88.0,85.0,85.0,85.0,1346276400,0.0,0.0,yfinance_raw_daily
2023-12-28,85.0,87.0,84.0,85.0,85.0,1587004900,0.0,0.0,yfinance_raw_daily
2023-12-29,86.0,87.0,85.0,86.0,86.0,1346337600,0.0,0.0,yfinance_raw_daily
2024-01-02,86.0,87.0,84.0,87.0,87.0,1033123000,0.0,0.0,yfinance_raw_daily
2024-01-03,87.0,89.0,86.0,88.0,88.0,1522845800,0.0,0.0,yfinance_raw_daily
2024-01-04,88.0,88.0,86.0,87.0,87.0,1260270300,0.0,0.0,yfinance_raw_daily
2024-01-05,87.0,88.0,86.0,86.0,86.0,902294200,0.0,0.0,yfinance_raw_daily
2024-01-08,86.0,87.0,85.0,86.0,86.0,1071109200,0.0,0.0,yfinance_raw_daily
2024-01-09,86.0,90.0,86.0,88.0,88.0,2274055400,0.0,0.0,yfinance_raw_daily
2024-01-10,87.0,88.0,86.0,87.0,87.0,1044012100,0.0,0.0,yfinance_raw_daily
2024-01-11,87.0,92.0,87.0,91.0,91.0,4061289200,0.0,0.0,yfinance_raw_daily
2024-01-12,91.0,92.0,88.0,91.0,91.0,2888649600,0.0,0.0,yfinance_raw_daily
2024-01-15,91.0,91.0,91.0,91.0,91.0,0,0.0,0.0,yfinance_raw_daily
2024-01-16,92.0,92.0,90.0,90.0,90.0,1673821700,0.0,0.0,yfinance_raw_daily
2024-01-17,90.0,90.0,83.0,87.0,87.0,8685343600,0.0,0.0,yfinance_raw_daily
2024-01-18,87.0,88.0,86.0,87.0,87.0,2358522500,0.0,0.0,yfinance_raw_daily
2024-01-19,88.0,89.0,86.0,86.0,86.0,1688760800,0.0,0.0,yfinance_raw_daily
2024-01-22,87.0,87.0,85.0,87.0,87.0,1280204300,0.0,0.0,yfinance_raw_daily
2024-01-23,87.0,87.0,85.0,85.0,85.0,1205633700,0.0,0.0,yfinance_raw_daily
2024-01-24,85.0,86.0,83.0,84.0,84.0,1836423500,0.0,0.0,yfinance_raw_daily
2024-01-25,84.0,86.0,83.0,84.0,84.0,2211926800,0.0,0.0,yfinance_raw_daily
2024-01-26,84.0,85.0,81.0,82.0,82.0,2392268900,0.0,0.0,yfinance_raw_daily
2024-01-29,82.0,83.0,76.0,78.0,78.0,6171480200,0.0,0.0,yfinance_raw_daily
2024-01-30,78.0,88.0,78.0,87.0,87.0,6031069200,0.0,0.0,yfinance_raw_daily
2024-01-31,87.0,90.0,84.0,88.0,88.0,4262985100,0.0,0.0,yfinance_raw_daily
2024-02-01,91.0,92.0,89.0,90.0,90.0,5426951900,0.0,0.0,yfinance_raw_daily
2024-02-02,90.0,91.0,87.0,90.0,90.0,1905803800,0.0,0.0,yfinance_raw_daily
2024-02-05,90.0,91.0,84.0,84.0,84.0,3604246900,0.0,0.0,yfinance_raw_daily
2024-02-06,84.0,85.0,82.0,84.0,84.0,3995533800,0.0,0.0,yfinance_raw_daily
2024-02-07,84.0,85.0,82.0,84.0,84.0,1405159400,0.0,0.0,yfinance_raw_daily
2024-02-12,86.0,90.0,85.0,86.0,86.0,5204585300,0.0,0.0,yfinance_raw_daily
2024-02-13,86.0,87.0,84.0,86.0,86.0,1682117100,0.0,0.0,yfinance_raw_daily
2024-02-15,88.0,89.0,84.0,85.0,85.0,3065918100,0.0,0.0,yfinance_raw_daily
2024-02-16,85.0,85.0,82.0,83.0,83.0,2159032500,0.0,0.0,yfinance_raw_daily
2024-02-19,84.0,85.0,82.0,84.0,84.0,3548941500,0.0,0.0,yfinance_raw_daily
2024-02-20,84.0,84.0,82.0,83.0,83.0,1983019100,0.0,0.0,yfinance_raw_daily
2024-02-21,82.0,83.0,79.0,80.0,80.0,3151288700,0.0,0.0,yfinance_raw_daily
2024-02-22,80.0,81.0,79.0,79.0,79.0,1520811700,0.0,0.0,yfinance_raw_daily
2024-02-23,79.0,80.0,77.0,79.0,79.0,2076412600,0.0,0.0,yfinance_raw_daily
2024-02-26,79.0,79.0,78.0,78.0,78.0,1035227600,0.0,0.0,yfinance_raw_daily
2024-02-27,78.0,81.0,76.0,80.0,80.0,4767376600,0.0,0.0,yfinance_raw_daily
2024-02-28,79.0,79.0,74.0,75.0,75.0,7850270400,0.0,0.0,yfinance_raw_daily
2024-02-29,75.0,75.0,69.0,71.0,71.0,7046461300,0.0,0.0,yfinance_raw_daily
2024-03-01,71.0,71.0,67.0,69.0,69.0,2513433500,0.0,0.0,yfinance_raw_daily
2024-03-04,69.0,70.0,63.0,64.0,64.0,5851813700,0.0,0.0,yfinance_raw_daily
2024-03-05,64.0,67.0,63.0,63.0,63.0,2393361600,0.0,0.0,yfinance_raw_daily
2024-03-06,63.0,74.0,63.0,74.0,74.0,7056190100,0.0,0.0,yfinance_raw_daily
2024-03-07,74.0,75.0,67.0,70.0,70.0,6569707300,0.0,0.0,yfinance_raw_daily
2024-03-08,70.0,71.0,69.0,70.0,70.0,1759717600,0.0,0.0,yfinance_raw_daily
2024-03-13,70.0,71.0,67.0,67.0,67.0,1995358600,0.0,0.0,yfinance_raw_daily
2024-03-14,67.0,71.0,67.0,70.0,70.0,2693907300,0.0,0.0,yfinance_raw_daily
2024-03-15,70.0,71.0,68.0,71.0,71.0,11303727700,0.0,0.0,yfinance_raw_daily
2024-03-18,71.0,76.0,69.0,73.0,73.0,4905864000,0.0,0.0,yfinance_raw_daily
2024-03-19,74.0,75.0,70.0,72.0,72.0,3124615500,0.0,0.0,yfinance_raw_daily
2024-03-20,69.0,70.0,64.0,65.0,65.0,5974342400,0.0,0.0,yfinance_raw_daily
2024-03-21,67.0,69.0,65.0,67.0,67.0,2407379900,0.0,0.0,yfinance_raw_daily
2024-03-22,67.0,68.0,65.0,68.0,68.0,1404851500,0.0,0.0,yfinance_raw_daily
2024-03-25,68.0,68.0,68.0,68.0,68.0,0,0.0,0.0,yfinance_raw_daily
2024-03-26,68.0,68.0,68.0,68.0,68.0,0,0.0,0.0,yfinance_raw_daily
2024-03-27,69.0,69.0,66.0,66.0,66.0,1824211100,0.0,0.0,yfinance_raw_daily
2024-03-28,66.0,69.0,66.0,69.0,69.0,1875306700,0.0,0.0,yfinance_raw_daily
2024-04-01,68.0,69.0,66.0,68.0,68.0,1275456800,0.0,0.0,yfinance_raw_daily
2024-04-02,68.0,70.0,68.0,70.0,70.0,2224757900,0.0,0.0,yfinance_raw_daily
2024-04-03,69.0,70.0,68.0,68.0,68.0,1190322400,0.0,0.0,yfinance_raw_daily
2024-04-04,68.0,69.0,67.0,69.0,69.0,1093429800,0.0,0.0,yfinance_raw_daily
2024-04-05,69.0,69.0,67.0,68.0,68.0,1149877400,0.0,0.0,yfinance_raw_daily
2024-04-16,67.0,68.0,64.0,65.0,65.0,3869433700,0.0,0.0,yfinance_raw_daily
2024-04-17,66.0,66.0,62.0,62.0,62.0,2984317500,0.0,0.0,yfinance_raw_daily
2024-04-18,63.0,64.0,61.0,62.0,62.0,1902357100,0.0,0.0,yfinance_raw_daily
2024-04-19,61.0,62.0,59.0,59.0,59.0,3167130600,0.0,0.0,yfinance_raw_daily
2024-04-22,59.0,63.0,59.0,59.0,59.0,1962140100,0.0,0.0,yfinance_raw_daily
2024-04-23,59.0,63.0,59.0,61.0,61.0,3051562600,0.0,0.0,yfinance_raw_daily
2024-04-24,62.0,65.0,61.0,64.0,64.0,2611959200,0.0,0.0,yfinance_raw_daily
2024-04-25,63.0,64.0,61.0,62.0,62.0,1395079800,0.0,0.0,yfinance_raw_daily
2024-04-26,61.0,64.0,61.0,61.0,61.0,1793162200,0.0,0.0,yfinance_raw_daily
2024-04-29,61.0,65.0,61.0,63.0,63.0,2183315600,0.0,0.0,yfinance_raw_daily
2024-04-30,64.0,64.0,62.0,63.0,63.0,2530850000,0.0,0.0,yfinance_raw_daily
2024-05-02,63.0,64.0,62.0,63.0,63.0,1609394400,0.0,0.0,yfinance_raw_daily
2024-05-03,63.0,66.0,63.0,66.0,66.0,4524284200,0.0,0.0,yfinance_raw_daily
2024-05-06,67.0,70.0,66.0,69.0,69.0,4215661500,0.0,0.0,yfinance_raw_daily
2024-05-07,69.0,70.0,65.0,65.0,65.0,2250633100,0.0,0.0,yfinance_raw_daily
2024-05-08,65.0,67.0,64.0,67.0,67.0,1821308400,0.0,0.0,yfinance_raw_daily
2024-05-13,67.0,68.0,65.0,67.0,67.0,2011559400,0.0,0.0,yfinance_raw_daily
2024-05-14,67.0,67.0,65.0,65.0,65.0,1286399300,0.0,0.0,yfinance_raw_daily
2024-05-15,66.0,67.0,64.0,66.0,66.0,1437856700,0.0,0.0,yfinance_raw_daily
2024-05-16,67.0,68.0,64.0,66.0,66.0,2169049600,0.0,0.0,yfinance_raw_daily
2024-05-17,65.0,69.0,64.0,66.0,66.0,4139900700,0.0,0.0,yfinance_raw_daily
2024-05-20,67.0,67.0,65.0,65.0,65.0,2106424900,0.0,0.0,yfinance_raw_daily
2024-05-21,66.0,66.0,64.0,64.0,64.0,1189219500,0.0,0.0,yfinance_raw_daily
2024-05-22,64.0,67.0,64.0,66.0,66.0,2527051500,0.0,0.0,yfinance_raw_daily
2024-05-27,67.0,72.0,66.0,70.0,70.0,6008134500,0.0,0.0,yfinance_raw_daily
2024-05-28,70.0,74.0,69.0,74.0,74.0,4578295900,0.0,0.0,yfinance_raw_daily
2024-05-29,73.0,73.0,70.0,71.0,71.0,2986520500,0.0,0.0,yfinance_raw_daily
2024-05-30,70.0,71.0,67.0,67.0,67.0,4459371700,0.0,0.0,yfinance_raw_daily
2024-05-31,68.0,70.0,65.0,65.0,65.0,8579592100,0.0,0.0,yfinance_raw_daily
2024-06-03,65.0,67.0,63.0,64.0,64.0,2819780100,0.0,0.0,yfinance_raw_daily
2024-06-04,65.0,65.0,61.0,61.0,61.0,3897345000,0.0,0.0,yfinance_raw_daily
2024-06-05,60.0,61.0,59.0,59.0,59.0,2941421600,0.0,0.0,yfinance_raw_daily
2024-06-06,60.0,62.0,59.0,60.0,60.0,3653448500,0.0,0.0,yfinance_raw_daily
2024-06-07,60.0,61.0,58.0,58.0,58.0,2112800200,0.0,0.0,yfinance_raw_daily
2024-06-10,58.0,59.0,50.0,56.0,56.0,12293676100,0.0,0.0,yfinance_raw_daily
2024-06-11,55.0,56.0,53.0,53.0,53.0,5391123100,0.0,0.0,yfinance_raw_daily
2024-06-12,54.0,55.0,52.0,52.0,52.0,4916057200,0.0,0.0,yfinance_raw_daily
2024-06-13,53.0,54.0,51.0,52.0,52.0,6275740200,0.0,0.0,yfinance_raw_daily
2024-06-14,52.0,53.0,51.0,52.0,52.0,3781341000,0.0,0.0,yfinance_raw_daily
2024-06-19,51.0,52.0,50.0,50.0,50.0,9357880800,0.0,0.0,yfinance_raw_daily
2024-06-20,50.0,51.0,50.0,50.0,50.0,3692944100,0.0,0.0,yfinance_raw_daily
2024-06-21,50.0,51.0,50.0,50.0,50.0,8090430900,0.0,0.0,yfinance_raw_daily
2024-06-24,50.0,51.0,50.0,51.0,51.0,1898379900,0.0,0.0,yfinance_raw_daily
2024-06-25,50.0,51.0,50.0,50.0,50.0,2216509800,0.0,0.0,yfinance_raw_daily
2024-06-26,50.0,51.0,50.0,50.0,50.0,1958237500,0.0,0.0,yfinance_raw_daily
2024-06-27,50.0,50.0,50.0,50.0,50.0,866920300,0.0,0.0,yfinance_raw_daily
2024-06-28,50.0,50.0,50.0,50.0,50.0,1042748000,0.0,0.0,yfinance_raw_daily
2024-07-01,50.0,50.0,50.0,50.0,50.0,452005800,0.0,0.0,yfinance_raw_daily
2024-07-02,50.0,50.0,50.0,50.0,50.0,294810200,0.0,0.0,yfinance_raw_daily
2024-07-03,50.0,50.0,50.0,50.0,50.0,534537400,0.0,0.0,yfinance_raw_daily
2024-07-04,50.0,50.0,50.0,50.0,50.0,491141700,0.0,0.0,yfinance_raw_daily
2024-07-05,50.0,50.0,50.0,50.0,50.0,303612500,0.0,0.0,yfinance_raw_daily
2024-07-08,50.0,50.0,50.0,50.0,50.0,520213800,0.0,0.0,yfinance_raw_daily
2024-07-09,50.0,50.0,50.0,50.0,50.0,336028000,0.0,0.0,yfinance_raw_daily
2024-07-10,50.0,51.0,50.0,50.0,50.0,7937139200,0.0,0.0,yfinance_raw_daily
2024-07-11,50.0,51.0,50.0,50.0,50.0,1466174900,0.0,0.0,yfinance_raw_daily
2024-07-12,50.0,50.0,50.0,50.0,50.0,146512300,0.0,0.0,yfinance_raw_daily
2024-07-15,50.0,50.0,50.0,50.0,50.0,374983200,0.0,0.0,yfinance_raw_daily
2024-07-16,50.0,50.0,50.0,50.0,50.0,119356200,0.0,0.0,yfinance_raw_daily
2024-07-17,50.0,52.0,50.0,51.0,51.0,9198716900,0.0,0.0,yfinance_raw_daily
2024-07-18,51.0,52.0,50.0,51.0,51.0,2400367200,0.0,0.0,yfinance_raw_daily
2024-07-19,51.0,51.0,50.0,50.0,50.0,1897339100,0.0,0.0,yfinance_raw_daily
2024-07-22,50.0,52.0,50.0,51.0,51.0,1834439400,0.0,0.0,yfinance_raw_daily
2024-07-23,51.0,58.0,51.0,55.0,55.0,12618321500,0.0,0.0,yfinance_raw_daily
2024-07-24,55.0,55.0,53.0,54.0,54.0,2660984600,0.0,0.0,yfinance_raw_daily
2024-07-25,54.0,55.0,53.0,54.0,54.0,911091700,0.0,0.0,yfinance_raw_daily
2024-07-26,54.0,54.0,53.0,53.0,53.0,913457100,0.0,0.0,yfinance_raw_daily
2024-07-29,54.0,55.0,53.0,54.0,54.0,1621366300,0.0,0.0,yfinance_raw_daily
2024-07-30,54.0,55.0,53.0,55.0,55.0,1223172300,0.0,0.0,yfinance_raw_daily
2024-07-31,54.0,54.0,52.0,53.0,53.0,2829429300,0.0,0.0,yfinance_raw_daily
2024-08-01,53.0,54.0,52.0,53.0,53.0,1425057600,0.0,0.0,yfinance_raw_daily
2024-08-02,52.0,53.0,51.0,53.0,53.0,2195681200,0.0,0.0,yfinance_raw_daily
2024-08-05,52.0,52.0,50.0,51.0,51.0,5466579700,0.0,0.0,yfinance_raw_daily
2024-08-06,51.0,51.0,50.0,50.0,50.0,1271351800,0.0,0.0,yfinance_raw_daily
2024-08-07,51.0,51.0,50.0,50.0,50.0,1579478100,0.0,0.0,yfinance_raw_daily
2024-08-08,51.0,51.0,50.0,50.0,50.0,1628260800,0.0,0.0,yfinance_raw_daily
2024-08-09,51.0,51.0,50.0,51.0,51.0,1813186600,0.0,0.0,yfinance_raw_daily
2024-08-12,51.0,53.0,50.0,51.0,51.0,4394672600,0.0,0.0,yfinance_raw_daily
2024-08-13,51.0,53.0,51.0,52.0,52.0,1774401600,0.0,0.0,yfinance_raw_daily
2024-08-14,53.0,55.0,52.0,53.0,53.0,3005755000,0.0,0.0,yfinance_raw_daily
2024-08-15,53.0,54.0,52.0,54.0,54.0,1473984200,0.0,0.0,yfinance_raw_daily
2024-08-16,54.0,54.0,53.0,54.0,54.0,750364500,0.0,0.0,yfinance_raw_daily
2024-08-19,54.0,54.0,53.0,54.0,54.0,1171542100,0.0,0.0,yfinance_raw_daily
2024-08-20,54.0,55.0,53.0,53.0,53.0,2776781200,0.0,0.0,yfinance_raw_daily
2024-08-21,53.0,55.0,52.0,53.0,53.0,3026388200,0.0,0.0,yfinance_raw_daily
2024-08-22,53.0,53.0,51.0,52.0,52.0,1177448900,0.0,0.0,yfinance_raw_daily
2024-08-23,51.0,53.0,51.0,53.0,53.0,994970600,0.0,0.0,yfinance_raw_daily
2024-08-26,52.0,53.0,51.0,52.0,52.0,1106182300,0.0,0.0,yfinance_raw_daily
2024-08-27,52.0,52.0,51.0,52.0,52.0,1212024600,0.0,0.0,yfinance_raw_daily
2024-08-28,52.0,52.0,51.0,51.0,51.0,1305362100,0.0,0.0,yfinance_raw_daily
2024-08-29,51.0,52.0,51.0,51.0,51.0,1221450500,0.0,0.0,yfinance_raw_daily
2024-08-30,51.0,53.0,50.0,52.0,52.0,4089429400,0.0,0.0,yfinance_raw_daily
2024-09-02,52.0,53.0,52.0,53.0,53.0,962397500,0.0,0.0,yfinance_raw_daily
2024-09-03,52.0,54.0,52.0,52.0,52.0,1070903100,0.0,0.0,yfinance_raw_daily
2024-09-04,52.0,53.0,51.0,52.0,52.0,978460800,0.0,0.0,yfinance_raw_daily
2024-09-05,52.0,53.0,51.0,52.0,52.0,574750300,0.0,0.0,yfinance_raw_daily
2024-09-06,52.0,53.0,51.0,53.0,53.0,884911500,0.0,0.0,yfinance_raw_daily
2024-09-09,52.0,53.0,52.0,53.0,53.0,1442505400,0.0,0.0,yfinance_raw_daily
2024-09-10,52.0,57.0,52.0,56.0,56.0,7341565100,0.0,0.0,yfinance_raw_daily
2024-09-11,56.0,56.0,54.0,56.0,56.0,2387567400,0.0,0.0,yfinance_raw_daily
2024-09-12,56.0,61.0,55.0,60.0,60.0,11073380400,0.0,0.0,yfinance_raw_daily
2024-09-13,60.0,63.0,60.0,61.0,61.0,4312534900,0.0,0.0,yfinance_raw_daily
2024-09-17,62.0,67.0,62.0,65.0,65.0,7405920400,0.0,0.0,yfinance_raw_daily
2024-09-18,66.0,68.0,60.0,61.0,61.0,8963789100,0.0,0.0,yfinance_raw_daily
2024-09-19,61.0,63.0,58.0,63.0,63.0,8638630900,0.0,0.0,yfinance_raw_daily
2024-09-20,64.0,65.0,59.0,63.0,63.0,11110626400,0.0,0.0,yfinance_raw_daily
2024-09-23,63.0,67.0,62.0,65.0,65.0,5423426400,0.0,0.0,yfinance_raw_daily
2024-09-24,65.0,66.0,63.0,63.0,63.0,3544257900,0.0,0.0,yfinance_raw_daily
2024-09-25,63.0,68.0,62.0,66.0,66.0,10780374700,0.0,0.0,yfinance_raw_daily
2024-09-26,67.0,70.0,66.0,70.0,70.0,6195847400,0.0,0.0,yfinance_raw_daily
2024-09-27,69.0,72.0,66.0,70.0,70.0,6318881200,0.0,0.0,yfinance_raw_daily
2024-09-30,70.0,70.0,66.0,66.0,66.0,6003849900,0.0,0.0,yfinance_raw_daily
2024-10-01,67.0,68.0,66.0,67.0,67.0,2147891100,0.0,0.0,yfinance_raw_daily
2024-10-02,67.0,68.0,63.0,65.0,65.0,5047793900,0.0,0.0,yfinance_raw_daily
2024-10-03,65.0,66.0,62.0,64.0,64.0,3526729900,0.0,0.0,yfinance_raw_daily
2024-10-04,62.0,62.0,58.0,60.0,60.0,8902101600,0.0,0.0,yfinance_raw_daily
2024-10-07,60.0,62.0,59.0,60.0,60.0,4869564800,0.0,0.0,yfinance_raw_daily
2024-10-08,60.0,61.0,59.0,60.0,60.0,2124278900,0.0,0.0,yfinance_raw_daily
2024-10-09,60.0,61.0,59.0,60.0,60.0,1532427800,0.0,0.0,yfinance_raw_daily
2024-10-10,60.0,61.0,59.0,60.0,60.0,1505316200,0.0,0.0,yfinance_raw_daily
2024-10-11,59.0,61.0,59.0,60.0,60.0,1368235600,0.0,0.0,yfinance_raw_daily
2024-10-14,60.0,66.0,60.0,65.0,65.0,4964790700,0.0,0.0,yfinance_raw_daily
2024-10-15,65.0,66.0,64.0,66.0,66.0,3540081600,0.0,0.0,yfinance_raw_daily
2024-10-16,65.0,68.0,64.0,68.0,68.0,4213989600,0.0,0.0,yfinance_raw_daily
2024-10-17,67.0,68.0,66.0,68.0,68.0,2305911400,0.0,0.0,yfinance_raw_daily
2024-10-18,67.0,68.0,66.0,68.0,68.0,1664544100,0.0,0.0,yfinance_raw_daily
2024-10-21,67.0,69.0,66.0,68.0,68.0,3803288400,0.0,0.0,yfinance_raw_daily
2024-10-22,68.0,72.0,68.0,72.0,72.0,8838490300,0.0,0.0,yfinance_raw_daily
2024-10-23,72.0,74.0,71.0,74.0,74.0,4433473900,0.0,0.0,yfinance_raw_daily
2024-10-24,74.0,74.0,72.0,72.0,72.0,2954179200,0.0,0.0,yfinance_raw_daily
2024-10-25,72.0,73.0,70.0,70.0,70.0,3097612300,0.0,0.0,yfinance_raw_daily
2024-10-28,70.0,70.0,67.0,68.0,68.0,3395966100,0.0,0.0,yfinance_raw_daily
2024-10-29,69.0,70.0,68.0,70.0,70.0,2778898900,0.0,0.0,yfinance_raw_daily
2024-10-30,70.0,71.0,69.0,71.0,71.0,1913545300,0.0,0.0,yfinance_raw_daily
2024-10-31,71.0,71.0,67.0,68.0,68.0,4357477500,0.0,0.0,yfinance_raw_daily
2024-11-01,68.0,70.0,67.0,68.0,68.0,2045930500,0.0,0.0,yfinance_raw_daily
2024-11-04,68.0,69.0,65.0,65.0,65.0,4573255700,0.0,0.0,yfinance_raw_daily
2024-11-05,65.0,66.0,64.0,66.0,66.0,2670744200,0.0,0.0,yfinance_raw_daily
2024-11-06,66.0,67.0,62.0,64.0,64.0,3705990300,0.0,0.0,yfinance_raw_daily
2024-11-07,63.0,64.0,61.0,61.0,61.0,2631644600,0.0,0.0,yfinance_raw_daily
2024-11-08,62.0,65.0,61.0,63.0,63.0,2205440500,0.0,0.0,yfinance_raw_daily
2024-11-11,64.0,67.0,64.0,65.0,65.0,2651146000,0.0,0.0,yfinance_raw_daily
2024-11-12,66.0,69.0,65.0,68.0,68.0,3331831800,0.0,0.0,yfinance_raw_daily
2024-11-13,69.0,71.0,67.0,67.0,67.0,2657887100,0.0,0.0,yfinance_raw_daily
2024-11-14,68.0,68.0,65.0,65.0,65.0,2681785300,0.0,0.0,yfinance_raw_daily
2024-11-15,65.0,66.0,62.0,64.0,64.0,2473614200,0.0,0.0,yfinance_raw_daily
2024-11-18,64.0,69.0,63.0,68.0,68.0,3951518500,0.0,0.0,yfinance_raw_daily
2024-11-19,69.0,75.0,68.0,74.0,74.0,7367676100,0.0,0.0,yfinance_raw_daily
2024-11-20,74.0,74.0,71.0,72.0,72.0,4336619600,0.0,0.0,yfinance_raw_daily
2024-11-21,71.0,74.0,71.0,72.0,72.0,3043522600,0.0,0.0,yfinance_raw_daily
2024-11-22,74.0,79.0,74.0,78.0,78.0,9288446300,0.0,0.0,yfinance_raw_daily
2024-11-25,78.0,78.0,74.0,76.0,76.0,10068829100,0.0,0.0,yfinance_raw_daily
2024-11-26,77.0,77.0,74.0,74.0,74.0,3858695500,0.0,0.0,yfinance_raw_daily
2024-11-28,75.0,76.0,71.0,72.0,72.0,5724835500,0.0,0.0,yfinance_raw_daily
2024-11-29,72.0,73.0,68.0,71.0,71.0,7015945300,0.0,0.0,yfinance_raw_daily
2024-12-02,70.0,71.0,68.0,70.0,70.0,3384985600,0.0,0.0,yfinance_raw_daily
2024-12-03,71.0,77.0,71.0,75.0,75.0,5210483900,0.0,0.0,yfinance_raw_daily
2024-12-04,75.0,78.0,75.0,75.0,75.0,3628567400,0.0,0.0,yfinance_raw_daily
2024-12-05,75.0,76.0,74.0,75.0,75.0,1739195300,0.0,0.0,yfinance_raw_daily
2024-12-06,75.0,78.0,75.0,77.0,77.0,2802568300,0.0,0.0,yfinance_raw_daily
2024-12-09,77.0,81.0,77.0,78.0,78.0,9579731800,0.0,0.0,yfinance_raw_daily
2024-12-10,80.0,80.0,78.0,80.0,80.0,3660168500,0.0,0.0,yfinance_raw_daily
2024-12-11,80.0,80.0,76.0,78.0,78.0,8201886200,0.0,0.0,yfinance_raw_daily
2024-12-12,78.0,79.0,76.0,77.0,77.0,2409227600,0.0,0.0,yfinance_raw_daily
2024-12-13,77.0,77.0,75.0,76.0,76.0,2382654100,0.0,0.0,yfinance_raw_daily
2024-12-16,76.0,77.0,71.0,72.0,72.0,7281091500,0.0,0.0,yfinance_raw_daily
2024-12-17,72.0,73.0,69.0,70.0,70.0,5149706600,0.0,0.0,yfinance_raw_daily
2024-12-18,70.0,72.0,69.0,70.0,70.0,1909298200,0.0,0.0,yfinance_raw_daily
2024-12-19,69.0,70.0,67.0,68.0,68.0,3854282200,0.0,0.0,yfinance_raw_daily
2024-12-20,69.0,71.0,68.0,69.0,69.0,2981674400,0.0,0.0,yfinance_raw_daily
2024-12-23,70.0,72.0,69.0,71.0,71.0,3155772300,0.0,0.0,yfinance_raw_daily
2024-12-24,72.0,72.0,68.0,68.0,68.0,1467603700,0.0,0.0,yfinance_raw_daily
2024-12-27,69.0,69.0,62.0,63.0,63.0,5994574800,0.0,0.0,yfinance_raw_daily
2024-12-30,63.0,70.0,63.0,70.0,70.0,6484986000,0.0,0.0,yfinance_raw_daily
2025-01-02,68.0,72.0,67.0,71.0,71.0,3843585700,0.0,0.0,yfinance_raw_daily
2025-01-03,71.0,78.0,70.0,78.0,78.0,6984717600,0.0,0.0,yfinance_raw_daily
2025-01-06,77.0,84.0,77.0,80.0,80.0,8687120000,0.0,0.0,yfinance_raw_daily
2025-01-07,81.0,82.0,78.0,80.0,80.0,4000212600,0.0,0.0,yfinance_raw_daily
2025-01-08,80.0,82.0,78.0,80.0,80.0,3167409900,0.0,0.0,yfinance_raw_daily
2025-01-09,81.0,81.0,78.0,80.0,80.0,3028169300,0.0,0.0,yfinance_raw_daily
2025-01-10,80.0,83.0,78.0,81.0,81.0,4224089600,0.0,0.0,yfinance_raw_daily
2025-01-13,80.0,81.0,79.0,79.0,79.0,2078651200,0.0,0.0,yfinance_raw_daily
2025-01-14,79.0,81.0,79.0,80.0,80.0,2006622900,0.0,0.0,yfinance_raw_daily
2025-01-15,80.0,82.0,79.0,80.0,80.0,2108100100,0.0,0.0,yfinance_raw_daily
2025-01-16,81.0,82.0,80.0,80.0,80.0,1564795000,0.0,0.0,yfinance_raw_daily
2025-01-17,80.0,85.0,80.0,84.0,84.0,5769234700,0.0,0.0,yfinance_raw_daily
2025-01-20,85.0,89.0,85.0,86.0,86.0,5671240400,0.0,0.0,yfinance_raw_daily
2025-01-21,86.0,88.0,82.0,84.0,84.0,5075992000,0.0,0.0,yfinance_raw_daily
2025-01-22,83.0,85.0,82.0,84.0,84.0,3464820500,0.0,0.0,yfinance_raw_daily
2025-01-23,84.0,87.0,84.0,86.0,86.0,2653410400,0.0,0.0,yfinance_raw_daily
2025-01-24,86.0,87.0,83.0,83.0,83.0,2101549200,0.0,0.0,yfinance_raw_daily
2025-01-30,82.0,83.0,78.0,80.0,80.0,4552402800,0.0,0.0,yfinance_raw_daily
2025-01-31,81.0,83.0,80.0,81.0,81.0,2575817200,0.0,0.0,yfinance_raw_daily
2025-02-03,80.0,81.0,78.0,81.0,81.0,2865844900,0.0,0.0,yfinance_raw_daily
2025-02-04,81.0,89.0,81.0,87.0,87.0,11625310100,0.0,0.0,yfinance_raw_daily
2025-02-05,85.0,87.0,81.0,85.0,85.0,13168298900,0.0,0.0,yfinance_raw_daily
2025-02-06,85.0,85.0,81.0,83.0,83.0,4886877200,0.0,0.0,yfinance_raw_daily
2025-02-07,82.0,84.0,81.0,83.0,83.0,3650957400,0.0,0.0,yfinance_raw_daily
2025-02-10,83.0,83.0,81.0,82.0,82.0,3620780200,0.0,0.0,yfinance_raw_daily
2025-02-11,83.0,84.0,81.0,81.0,81.0,2221938900,0.0,0.0,yfinance_raw_daily
2025-02-12,81.0,83.0,81.0,83.0,83.0,1670297200,0.0,0.0,yfinance_raw_daily
2025-02-13,83.0,84.0,81.0,81.0,81.0,2364592900,0.0,0.0,yfinance_raw_daily
2025-02-14,82.0,82.0,80.0,81.0,81.0,1533596400,0.0,0.0,yfinance_raw_daily
2025-02-17,82.0,83.0,80.0,82.0,82.0,1685080300,0.0,0.0,yfinance_raw_daily
2025-02-18,82.0,82.0,79.0,79.0,79.0,3687312400,0.0,0.0,yfinance_raw_daily
2025-02-19,79.0,80.0,78.0,80.0,80.0,2682124600,0.0,0.0,yfinance_raw_daily
2025-02-20,80.0,80.0,78.0,80.0,80.0,2207569800,0.0,0.0,yfinance_raw_daily
2025-02-21,79.0,82.0,78.0,80.0,80.0,3030158100,0.0,0.0,yfinance_raw_daily
2025-02-24,80.0,81.0,79.0,79.0,79.0,1005073500,0.0,0.0,yfinance_raw_daily
2025-02-25,80.0,81.0,76.0,78.0,78.0,3491481000,0.0,0.0,yfinance_raw_daily
2025-02-26,79.0,79.0,74.0,77.0,77.0,2716005900,0.0,0.0,yfinance_raw_daily
2025-02-27,77.0,78.0,72.0,76.0,76.0,4641603500,0.0,0.0,yfinance_raw_daily
2025-02-28,74.0,75.0,72.0,75.0,75.0,4358754600,0.0,0.0,yfinance_raw_daily
2025-03-03,75.0,80.0,75.0,80.0,80.0,3802566200,0.0,0.0,yfinance_raw_daily
2025-03-04,79.0,80.0,76.0,77.0,77.0,2989084100,0.0,0.0,yfinance_raw_daily
2025-03-05,77.0,82.0,77.0,82.0,82.0,3316313300,0.0,0.0,yfinance_raw_daily
2025-03-06,82.0,83.0,80.0,82.0,82.0,2348761400,0.0,0.0,yfinance_raw_daily
2025-03-07,82.0,86.0,80.0,86.0,86.0,9974932800,0.0,0.0,yfinance_raw_daily
2025-03-10,85.0,87.0,83.0,85.0,85.0,3777386900,0.0,0.0,yfinance_raw_daily
2025-03-11,83.0,83.0,80.0,80.0,80.0,4452211100,0.0,0.0,yfinance_raw_daily
2025-03-12,80.0,83.0,79.0,83.0,83.0,3425290800,0.0,0.0,yfinance_raw_daily
2025-03-13,84.0,85.0,81.0,81.0,81.0,3933883400,0.0,0.0,yfinance_raw_daily
2025-03-14,81.0,81.0,78.0,80.0,80.0,2546497300,0.0,0.0,yfinance_raw_daily
2025-03-17,80.0,81.0,78.0,79.0,79.0,1845752600,0.0,0.0,yfinance_raw_daily
2025-03-18,80.0,84.0,76.0,83.0,83.0,5453812000,0.0,0.0,yfinance_raw_daily
2025-03-19,84.0,84.0,81.0,82.0,82.0,1481073200,0.0,0.0,yfinance_raw_daily
2025-03-20,83.0,83.0,80.0,81.0,81.0,2228311200,0.0,0.0,yfinance_raw_daily
2025-03-21,81.0,81.0,79.0,81.0,81.0,5413267700,0.0,0.0,yfinance_raw_daily
2025-03-24,82.0,82.0,77.0,80.0,80.0,1942655600,0.0,0.0,yfinance_raw_daily
2025-03-25,80.0,81.0,78.0,79.0,79.0,1367054700,0.0,0.0,yfinance_raw_daily
2025-03-26,80.0,84.0,79.0,83.0,83.0,4437898700,0.0,0.0,yfinance_raw_daily
2025-03-27,82.0,83.0,81.0,83.0,83.0,1596472600,0.0,0.0,yfinance_raw_daily
2025-04-08,71.0,73.0,71.0,71.0,71.0,5022688100,0.0,0.0,yfinance_raw_daily
2025-04-09,69.0,74.0,67.0,67.0,67.0,4370283500,0.0,0.0,yfinance_raw_daily
2025-04-10,74.0,78.0,74.0,76.0,76.0,4632030000,0.0,0.0,yfinance_raw_daily
2025-04-11,74.0,78.0,73.0,77.0,77.0,1936217500,0.0,0.0,yfinance_raw_daily
2025-04-14,78.0,82.0,77.0,80.0,80.0,3970258000,0.0,0.0,yfinance_raw_daily
2025-04-15,81.0,81.0,77.0,79.0,79.0,3335040400,0.0,0.0,yfinance_raw_daily
2025-04-16,79.0,80.0,77.0,80.0,80.0,2414261800,0.0,0.0,yfinance_raw_daily
2025-04-17,80.0,80.0,78.0,80.0,80.0,1924884700,0.0,0.0,yfinance_raw_daily
2025-04-21,80.0,80.0,78.0,79.0,79.0,647913400,0.0,0.0,yfinance_raw_daily
2025-04-22,79.0,80.0,78.0,79.0,79.0,1200646700,0.0,0.0,yfinance_raw_daily
2025-04-23,80.0,81.0,79.0,80.0,80.0,2618496700,0.0,0.0,yfinance_raw_daily
2025-04-24,80.0,82.0,79.0,80.0,80.0,2750378200,0.0,0.0,yfinance_raw_daily
2025-04-25,81.0,84.0,80.0,84.0,84.0,3960768900,0.0,0.0,yfinance_raw_daily
2025-04-28,84.0,84.0,81.0,82.0,82.0,2033004200,0.0,0.0,yfinance_raw_daily
2025-04-29,83.0,86.0,82.0,85.0,85.0,4306411800,0.0,0.0,yfinance_raw_daily
2025-04-30,85.0,87.0,83.0,85.0,85.0,5131656000,0.0,0.0,yfinance_raw_daily
2025-05-02,85.0,86.0,82.0,82.0,82.0,2627450200,0.0,0.0,yfinance_raw_daily
2025-05-05,83.0,84.0,81.0,83.0,83.0,4625567400,0.0,0.0,yfinance_raw_daily
2025-05-06,83.0,84.0,82.0,83.0,83.0,1579521600,0.0,0.0,yfinance_raw_daily
2025-05-07,83.0,84.0,82.0,84.0,84.0,2030868500,0.0,0.0,yfinance_raw_daily
2025-05-08,85.0,87.0,81.0,81.0,81.0,8497274400,0.0,0.0,yfinance_raw_daily
2025-05-09,82.0,83.0,80.0,81.0,81.0,3082520800,0.0,0.0,yfinance_raw_daily
2025-05-14,81.0,83.0,78.0,79.0,79.0,6907580600,0.0,0.0,yfinance_raw_daily
2025-05-15,79.0,79.0,71.0,73.0,73.0,13596210000,0.0,0.0,yfinance_raw_daily
2025-05-16,74.0,76.0,72.0,73.0,73.0,6456256600,0.0,0.0,yfinance_raw_daily
2025-05-19,73.0,73.0,70.0,71.0,71.0,6453126500,0.0,0.0,yfinance_raw_daily
2025-05-20,71.0,73.0,70.0,72.0,72.0,5141754300,0.0,0.0,yfinance_raw_daily
2025-05-21,72.0,73.0,70.0,70.0,70.0,6245922300,0.0,0.0,yfinance_raw_daily
2025-05-22,71.0,72.0,70.0,72.0,72.0,3954705700,0.0,0.0,yfinance_raw_daily
2025-05-23,71.0,72.0,71.0,72.0,72.0,1138400000,0.0,0.0,yfinance_raw_daily
2025-05-26,72.0,72.0,64.0,68.0,68.0,14901151700,0.0,0.0,yfinance_raw_daily
2025-05-27,68.0,68.0,64.0,66.0,66.0,9144531100,0.0,0.0,yfinance_raw_daily
2025-05-28,67.0,67.0,62.0,64.0,64.0,10590370000,0.0,0.0,yfinance_raw_daily
2025-06-02,66.0,66.0,61.0,62.0,62.0,6575164000,0.0,0.0,yfinance_raw_daily
2025-06-03,62.0,63.0,60.0,62.0,62.0,4777848900,0.0,0.0,yfinance_raw_daily
2025-06-04,62.0,65.0,61.0,62.0,62.0,4930864400,0.0,0.0,yfinance_raw_daily
2025-06-05,62.0,63.0,61.0,61.0,61.0,2076518800,0.0,0.0,yfinance_raw_daily
2025-06-10,62.0,67.0,62.0,66.0,66.0,8602718000,0.0,0.0,yfinance_raw_daily
2025-06-11,66.0,68.0,65.0,68.0,68.0,5158880500,0.0,0.0,yfinance_raw_daily
2025-06-12,68.0,68.0,66.0,67.0,67.0,3337707200,0.0,0.0,yfinance_raw_daily
2025-06-13,67.0,67.0,64.0,64.0,64.0,4201016500,0.0,0.0,yfinance_raw_daily
2025-06-16,64.0,65.0,63.0,64.0,64.0,2745897400,0.0,0.0,yfinance_raw_daily
2025-06-17,64.0,65.0,63.0,64.0,64.0,1211113800,0.0,0.0,yfinance_raw_daily
2025-06-18,64.0,65.0,63.0,63.0,63.0,2434505700,0.0,0.0,yfinance_raw_daily
2025-06-19,63.0,64.0,60.0,61.0,61.0,3974585500,0.0,0.0,yfinance_raw_daily
2025-06-20,61.0,62.0,58.0,59.0,59.0,11574545200,0.0,0.0,yfinance_raw_daily
2025-06-23,58.0,58.0,55.0,57.0,57.0,6601755900,0.0,0.0,yfinance_raw_daily
2025-06-24,58.0,61.0,57.0,57.0,57.0,4670232000,0.0,0.0,yfinance_raw_daily
2025-06-25,58.0,59.0,57.0,59.0,59.0,2379301100,0.0,0.0,yfinance_raw_daily
2025-06-26,59.0,60.0,57.0,60.0,60.0,1759199400,0.0,0.0,yfinance_raw_daily
2025-06-30,61.0,61.0,58.0,58.0,58.0,3299879000,0.0,0.0,yfinance_raw_daily
2025-07-01,59.0,59.0,58.0,59.0,59.0,1089836500,0.0,0.0,yfinance_raw_daily
2025-07-02,58.0,59.0,56.0,57.0,57.0,4064954000,0.0,0.0,yfinance_raw_daily
2025-07-03,57.0,59.0,57.0,57.0,57.0,3172744900,0.0,0.0,yfinance_raw_daily
2025-07-04,57.0,60.0,57.0,59.0,59.0,2412187900,0.0,0.0,yfinance_raw_daily
2025-07-07,60.0,60.0,58.0,60.0,60.0,1635911400,0.0,0.0,yfinance_raw_daily
2025-07-08,60.0,60.0,58.0,60.0,60.0,1498231100,0.0,0.0,yfinance_raw_daily
2025-07-09,59.0,60.0,58.0,59.0,59.0,1312539300,0.0,0.0,yfinance_raw_daily
2025-07-10,60.0,60.0,59.0,60.0,60.0,859690100,0.0,0.0,yfinance_raw_daily
2025-07-11,60.0,60.0,59.0,59.0,59.0,880783400,0.0,0.0,yfinance_raw_daily
2025-07-14,59.0,60.0,58.0,59.0,59.0,2366012400,0.0,0.0,yfinance_raw_daily
2025-07-15,59.0,60.0,58.0,59.0,59.0,2225600700,0.0,0.0,yfinance_raw_daily
2025-07-16,59.0,60.0,58.0,59.0,59.0,1317626000,0.0,0.0,yfinance_raw_daily
2025-07-17,60.0,61.0,59.0,60.0,60.0,3100097700,0.0,0.0,yfinance_raw_daily
2025-07-18,60.0,61.0,56.0,58.0,58.0,8325688300,0.0,0.0,yfinance_raw_daily
2025-07-21,58.0,59.0,56.0,57.0,57.0,3164740000,0.0,0.0,yfinance_raw_daily
2025-07-22,57.0,59.0,57.0,58.0,58.0,2602475000,0.0,0.0,yfinance_raw_daily
2025-07-23,58.0,60.0,58.0,60.0,60.0,3746275900,0.0,0.0,yfinance_raw_daily
2025-07-24,59.0,60.0,58.0,59.0,59.0,3405743000,0.0,0.0,yfinance_raw_daily
2025-07-25,59.0,59.0,57.0,58.0,58.0,5090425000,0.0,0.0,yfinance_raw_daily
2025-07-28,58.0,60.0,58.0,59.0,59.0,3567335000,0.0,0.0,yfinance_raw_daily
2025-07-29,59.0,60.0,58.0,59.0,59.0,1423009300,0.0,0.0,yfinance_raw_daily
2025-07-30,59.0,64.0,58.0,64.0,64.0,6540042400,0.0,0.0,yfinance_raw_daily
2025-07-31,65.0,66.0,63.0,65.0,65.0,6524608400,0.0,0.0,yfinance_raw_daily
2025-08-01,65.0,67.0,63.0,65.0,65.0,3039895900,0.0,0.0,yfinance_raw_daily
2025-08-04,65.0,65.0,63.0,63.0,63.0,1964634100,0.0,0.0,yfinance_raw_daily
2025-08-05,64.0,65.0,63.0,65.0,65.0,1329202900,0.0,0.0,yfinance_raw_daily
2025-08-06,65.0,66.0,64.0,65.0,65.0,1312113200,0.0,0.0,yfinance_raw_daily
2025-08-07,65.0,66.0,63.0,63.0,63.0,2490347000,0.0,0.0,yfinance_raw_daily
2025-08-08,63.0,64.0,61.0,62.0,62.0,1944611300,0.0,0.0,yfinance_raw_daily
2025-08-11,62.0,63.0,61.0,62.0,62.0,1588434100,0.0,0.0,yfinance_raw_daily
2025-08-12,62.0,65.0,62.0,65.0,65.0,1752940900,0.0,0.0,yfinance_raw_daily
2025-08-13,67.0,67.0,63.0,64.0,64.0,3230631400,0.0,0.0,yfinance_raw_daily
2025-08-14,65.0,66.0,62.0,62.0,62.0,3815954900,0.0,0.0,yfinance_raw_daily
2025-08-15,63.0,63.0,61.0,62.0,62.0,2688001200,0.0,0.0,yfinance_raw_daily
2025-08-19,63.0,63.0,59.0,61.0,61.0,4700675900,0.0,0.0,yfinance_raw_daily
2025-08-20,61.0,61.0,60.0,61.0,61.0,1633624900,0.0,0.0,yfinance_raw_daily
2025-08-21,61.0,62.0,59.0,61.0,61.0,2876999000,0.0,0.0,yfinance_raw_daily
2025-08-22,60.0,62.0,60.0,61.0,61.0,2296673100,0.0,0.0,yfinance_raw_daily
2025-08-25,61.0,62.0,60.0,60.0,60.0,1569532300,0.0,0.0,yfinance_raw_daily
2025-08-26,60.0,61.0,59.0,61.0,61.0,7395943700,0.0,0.0,yfinance_raw_daily
2025-08-27,61.0,61.0,60.0,60.0,60.0,1096892600,0.0,0.0,yfinance_raw_daily
2025-08-28,60.0,60.0,59.0,59.0,59.0,911818300,0.0,0.0,yfinance_raw_daily
2025-08-29,60.0,60.0,58.0,58.0,58.0,3597693700,0.0,0.0,yfinance_raw_daily
2025-09-01,57.0,58.0,56.0,58.0,58.0,2405006300,0.0,0.0,yfinance_raw_daily
2025-09-02,58.0,59.0,57.0,58.0,58.0,1376538200,0.0,0.0,yfinance_raw_daily
2025-09-03,58.0,59.0,57.0,58.0,58.0,1273540500,0.0,0.0,yfinance_raw_daily
2025-09-04,58.0,59.0,57.0,59.0,59.0,1621019900,0.0,0.0,yfinance_raw_daily
2025-09-08,59.0,60.0,58.0,58.0,58.0,1947303100,0.0,0.0,yfinance_raw_daily
2025-09-09,58.0,58.0,56.0,56.0,56.0,3224398200,0.0,0.0,yfinance_raw_daily
2025-09-10,57.0,57.0,56.0,56.0,56.0,1414873900,0.0,0.0,yfinance_raw_daily
2025-09-11,57.0,58.0,56.0,57.0,57.0,2362188800,0.0,0.0,yfinance_raw_daily
2025-09-12,57.0,58.0,56.0,57.0,57.0,1246327000,0.0,0.0,yfinance_raw_daily
2025-09-15,57.0,58.0,56.0,57.0,57.0,1680677100,0.0,0.0,yfinance_raw_daily
2025-09-16,57.0,57.0,55.0,57.0,57.0,5081307500,0.0,0.0,yfinance_raw_daily
2025-09-17,56.0,57.0,56.0,57.0,57.0,1490814900,0.0,0.0,yfinance_raw_daily
2025-09-18,57.0,58.0,55.0,56.0,56.0,3626324000,0.0,0.0,yfinance_raw_daily
2025-09-19,56.0,56.0,55.0,55.0,55.0,8566178900,0.0,0.0,yfinance_raw_daily
2025-09-22,55.0,55.0,54.0,54.0,54.0,2383689900,0.0,0.0,yfinance_raw_daily
2025-09-23,54.0,55.0,53.0,54.0,54.0,4157100100,0.0,0.0,yfinance_raw_daily
2025-09-24,54.0,54.0,53.0,53.0,53.0,1352485600,0.0,0.0,yfinance_raw_daily
2025-09-25,53.0,57.0,53.0,55.0,55.0,6438375700,0.0,0.0,yfinance_raw_daily
2025-09-26,55.0,57.0,55.0,57.0,57.0,3564352500,0.0,0.0,yfinance_raw_daily
2025-09-29,57.0,58.0,56.0,56.0,56.0,1739822200,0.0,0.0,yfinance_raw_daily
2025-09-30,56.0,57.0,54.0,54.0,54.0,3758567500,0.0,0.0,yfinance_raw_daily
2025-10-01,55.0,55.0,53.0,55.0,55.0,3502080800,0.0,0.0,yfinance_raw_daily
2025-10-02,55.0,55.0,54.0,54.0,54.0,1790087100,0.0,0.0,yfinance_raw_daily
2025-10-03,55.0,58.0,54.0,57.0,57.0,8175859900,0.0,0.0,yfinance_raw_daily
2025-10-06,58.0,60.0,57.0,57.0,57.0,4529777600,0.0,0.0,yfinance_raw_daily
2025-10-07,57.0,58.0,56.0,56.0,56.0,2119953500,0.0,0.0,yfinance_raw_daily
2025-10-08,57.0,57.0,55.0,56.0,56.0,985459900,0.0,0.0,yfinance_raw_daily
2025-10-09,56.0,56.0,55.0,55.0,55.0,1552248700,0.0,0.0,yfinance_raw_daily
2025-10-10,56.0,56.0,54.0,54.0,54.0,1869557400,0.0,0.0,yfinance_raw_daily
2025-10-13,54.0,56.0,54.0,55.0,55.0,2250752100,0.0,0.0,yfinance_raw_daily
2025-10-14,55.0,56.0,54.0,55.0,55.0,3714251200,0.0,0.0,yfinance_raw_daily
2025-10-15,55.0,56.0,54.0,54.0,54.0,2080781400,0.0,0.0,yfinance_raw_daily
2025-10-16,55.0,56.0,54.0,55.0,55.0,1139962100,0.0,0.0,yfinance_raw_daily
2025-10-17,55.0,56.0,54.0,55.0,55.0,2350367900,0.0,0.0,yfinance_raw_daily
2025-10-20,55.0,56.0,54.0,55.0,55.0,3051389000,0.0,0.0,yfinance_raw_daily
2025-10-21,55.0,56.0,54.0,56.0,56.0,1916916800,0.0,0.0,yfinance_raw_daily
2025-10-22,56.0,56.0,54.0,54.0,54.0,1072230600,0.0,0.0,yfinance_raw_daily
2025-10-23,55.0,56.0,54.0,56.0,56.0,1122900600,0.0,0.0,yfinance_raw_daily
2025-10-24,56.0,56.0,55.0,55.0,55.0,865633200,0.0,0.0,yfinance_raw_daily
2025-10-27,56.0,57.0,54.0,55.0,55.0,5325151600,0.0,0.0,yfinance_raw_daily
2025-10-28,54.0,56.0,54.0,55.0,55.0,1717311400,0.0,0.0,yfinance_raw_daily
2025-10-29,55.0,56.0,55.0,56.0,56.0,924175800,0.0,0.0,yfinance_raw_daily
2025-10-30,58.0,60.0,57.0,60.0,60.0,10550240400,0.0,0.0,yfinance_raw_daily
2025-10-31,60.0,61.0,58.0,60.0,60.0,4058420600,0.0,0.0,yfinance_raw_daily
2025-11-03,60.0,60.0,58.0,59.0,59.0,1787709700,0.0,0.0,yfinance_raw_daily
2025-11-04,59.0,60.0,57.0,57.0,57.0,2872514200,0.0,0.0,yfinance_raw_daily
2025-11-05,57.0,63.0,56.0,62.0,62.0,11797419300,0.0,0.0,yfinance_raw_daily
2025-11-06,62.0,63.0,60.0,61.0,61.0,2792568800,0.0,0.0,yfinance_raw_daily
2025-11-07,61.0,63.0,60.0,61.0,61.0,3833751700,0.0,0.0,yfinance_raw_daily
2025-11-10,64.0,69.0,64.0,67.0,67.0,14345482000,0.0,0.0,yfinance_raw_daily
2025-11-11,68.0,70.0,65.0,67.0,67.0,10123937400,0.0,0.0,yfinance_raw_daily
2025-11-12,69.0,70.0,65.0,65.0,65.0,6511203800,0.0,0.0,yfinance_raw_daily
2025-11-13,65.0,66.0,63.0,64.0,64.0,5228092900,0.0,0.0,yfinance_raw_daily
2025-11-14,65.0,66.0,63.0,65.0,65.0,2688127300,0.0,0.0,yfinance_raw_daily
2025-11-17,64.0,65.0,61.0,62.0,62.0,4772617200,0.0,0.0,yfinance_raw_daily
2025-11-18,62.0,62.0,60.0,61.0,61.0,3441374500,0.0,0.0,yfinance_raw_daily
2025-11-19,61.0,61.0,59.0,60.0,60.0,3613895900,0.0,0.0,yfinance_raw_daily
2025-11-20,61.0,62.0,60.0,60.0,60.0,2875493100,0.0,0.0,yfinance_raw_daily
2025-11-21,60.0,64.0,60.0,64.0,64.0,5357554500,0.0,0.0,yfinance_raw_daily
2025-11-24,65.0,68.0,64.0,65.0,65.0,12188506300,0.0,0.0,yfinance_raw_daily
2025-11-25,66.0,66.0,64.0,65.0,65.0,2198091500,0.0,0.0,yfinance_raw_daily
2025-11-26,65.0,66.0,64.0,65.0,65.0,1781677400,0.0,0.0,yfinance_raw_daily
2025-11-27,64.0,66.0,63.0,65.0,65.0,2847805200,0.0,0.0,yfinance_raw_daily
2025-11-28,65.0,66.0,64.0,64.0,64.0,2270637900,0.0,0.0,yfinance_raw_daily
2025-12-01,64.0,67.0,64.0,67.0,67.0,4333478300,0.0,0.0,yfinance_raw_daily
2025-12-02,67.0,67.0,64.0,65.0,65.0,4418422800,0.0,0.0,yfinance_raw_daily
2025-12-03,65.0,66.0,64.0,64.0,64.0,1956436600,0.0,0.0,yfinance_raw_daily
2025-12-04,64.0,65.0,64.0,64.0,64.0,1341546300,0.0,0.0,yfinance_raw_daily
2025-12-05,64.0,65.0,63.0,64.0,64.0,1794410100,0.0,0.0,yfinance_raw_daily
2025-12-08,65.0,71.0,65.0,70.0,70.0,13380124800,0.0,0.0,yfinance_raw_daily
2025-12-09,72.0,73.0,69.0,71.0,71.0,6529828600,0.0,0.0,yfinance_raw_daily
2025-12-10,72.0,72.0,69.0,70.0,70.0,3321535800,0.0,0.0,yfinance_raw_daily
2025-12-11,70.0,70.0,68.0,68.0,68.0,3956062600,0.0,0.0,yfinance_raw_daily
2025-12-12,69.0,69.0,65.0,66.0,66.0,6017508700,0.0,0.0,yfinance_raw_daily
2025-12-15,66.0,66.0,64.0,65.0,65.0,4882787900,0.0,0.0,yfinance_raw_daily
2025-12-16,65.0,69.0,64.0,68.0,68.0,7444003400,0.0,0.0,yfinance_raw_daily
2025-12-17,68.0,68.0,65.0,66.0,66.0,2632440600,0.0,0.0,yfinance_raw_daily
2025-12-18,65.0,67.0,65.0,65.0,65.0,2169076500,0.0,0.0,yfinance_raw_daily
2025-12-19,65.0,66.0,64.0,65.0,65.0,4051737900,0.0,0.0,yfinance_raw_daily
2025-12-22,65.0,66.0,64.0,64.0,64.0,2113323700,0.0,0.0,yfinance_raw_daily
2025-12-23,65.0,65.0,63.0,64.0,64.0,2589105200,0.0,0.0,yfinance_raw_daily
2025-12-24,64.0,65.0,63.0,65.0,65.0,1422798300,0.0,0.0,yfinance_raw_daily
2025-12-29,65.0,65.0,64.0,64.0,64.0,3075824400,0.0,0.0,yfinance_raw_daily
2025-12-30,64.0,65.0,64.0,64.0,64.0,2456893000,0.0,0.0,yfinance_raw_daily
2026-01-02,64.0,69.0,63.0,69.0,69.0,7020202800,0.0,0.0,yfinance_raw_daily
2026-01-05,69.0,71.0,67.0,68.0,68.0,8987343900,0.0,0.0,yfinance_raw_daily
2026-01-06,68.0,70.0,67.0,68.0,68.0,3387609800,0.0,0.0,yfinance_raw_daily
2026-01-07,68.0,69.0,66.0,67.0,67.0,4281637900,0.0,0.0,yfinance_raw_daily
2026-01-08,67.0,67.0,65.0,66.0,66.0,2604022900,0.0,0.0,yfinance_raw_daily
2026-01-09,66.0,67.0,65.0,66.0,66.0,3299187600,0.0,0.0,yfinance_raw_daily
2026-01-12,67.0,67.0,65.0,66.0,66.0,3384389300,0.0,0.0,yfinance_raw_daily
2026-01-13,66.0,68.0,65.0,67.0,67.0,3132891700,0.0,0.0,yfinance_raw_daily
2026-01-14,68.0,73.0,68.0,69.0,69.0,18437372600,0.0,0.0,yfinance_raw_daily
2026-01-15,69.0,70.0,67.0,68.0,68.0,5561512700,0.0,0.0,yfinance_raw_daily
2026-01-19,67.0,68.0,65.0,66.0,66.0,7028239800,0.0,0.0,yfinance_raw_daily
2026-01-20,66.0,68.0,65.0,66.0,66.0,5220116600,0.0,0.0,yfinance_raw_daily
2026-01-21,65.0,66.0,64.0,64.0,64.0,7269276700,0.0,0.0,yfinance_raw_daily
2026-01-22,64.0,65.0,61.0,62.0,62.0,8304665000,0.0,0.0,yfinance_raw_daily
2026-01-23,62.0,62.0,58.0,60.0,60.0,8845549400,0.0,0.0,yfinance_raw_daily
2026-01-26,60.0,62.0,59.0,60.0,60.0,4896210800,0.0,0.0,yfinance_raw_daily
2026-01-27,60.0,65.0,58.0,65.0,65.0,12307760600,0.0,0.0,yfinance_raw_daily
2026-01-28,62.0,64.0,58.0,60.0,60.0,10963550000,0.0,0.0,yfinance_raw_daily
2026-01-29,60.0,63.0,55.0,63.0,63.0,15220468500,0.0,0.0,yfinance_raw_daily
2026-01-30,63.0,64.0,62.0,64.0,64.0,4190742000,0.0,0.0,yfinance_raw_daily
2026-02-02,64.0,64.0,60.0,61.0,61.0,4681091200,0.0,0.0,yfinance_raw_daily
2026-02-03,61.0,63.0,61.0,62.0,62.0,2063709800,0.0,0.0,yfinance_raw_daily
2026-02-04,62.0,63.0,61.0,62.0,62.0,2039789700,0.0,0.0,yfinance_raw_daily
2026-02-05,62.0,62.0,60.0,60.0,60.0,2841007700,0.0,0.0,yfinance_raw_daily
2026-02-06,60.0,60.0,58.0,60.0,60.0,2643183600,0.0,0.0,yfinance_raw_daily
2026-02-09,60.0,61.0,59.0,60.0,60.0,1596488300,0.0,0.0,yfinance_raw_daily
2026-02-10,60.0,60.0,58.0,59.0,59.0,4569551300,0.0,0.0,yfinance_raw_daily
2026-02-11,60.0,61.0,59.0,60.0,60.0,3907787700,0.0,0.0,yfinance_raw_daily
2026-02-12,60.0,60.0,59.0,60.0,60.0,1419829400,0.0,0.0,yfinance_raw_daily
2026-02-13,60.0,61.0,59.0,59.0,59.0,4200024900,0.0,0.0,yfinance_raw_daily
2026-02-18,59.0,61.0,58.0,60.0,60.0,4716637100,0.0,0.0,yfinance_raw_daily
2026-02-19,60.0,61.0,59.0,61.0,61.0,2247439900,0.0,0.0,yfinance_raw_daily
2026-02-20,61.0,63.0,61.0,61.0,61.0,5194005200,0.0,0.0,yfinance_raw_daily
2026-02-23,62.0,64.0,61.0,62.0,62.0,5794546700,0.0,0.0,yfinance_raw_daily
2026-02-24,63.0,63.0,60.0,61.0,61.0,3555906000,0.0,0.0,yfinance_raw_daily
2026-02-25,61.0,62.0,60.0,60.0,60.0,1364624900,0.0,0.0,yfinance_raw_daily
2026-02-26,60.0,61.0,60.0,60.0,60.0,2397940400,0.0,0.0,yfinance_raw_daily
2026-02-27,60.0,61.0,59.0,61.0,61.0,5304076700,0.0,0.0,yfinance_raw_daily
2026-03-02,59.0,60.0,58.0,59.0,59.0,3939486600,0.0,0.0,yfinance_raw_daily
2026-03-03,59.0,60.0,58.0,58.0,58.0,2822721700,0.0,0.0,yfinance_raw_daily
2026-03-04,58.0,58.0,56.0,57.0,57.0,5917788000,0.0,0.0,yfinance_raw_daily
2026-03-05,57.0,58.0,56.0,57.0,57.0,1945848400,0.0,0.0,yfinance_raw_daily
2026-03-06,58.0,58.0,55.0,56.0,56.0,4466807200,0.0,0.0,yfinance_raw_daily
2026-03-09,55.0,56.0,53.0,55.0,55.0,6992951900,0.0,0.0,yfinance_raw_daily
2026-03-10,55.0,57.0,55.0,55.0,55.0,3339213800,0.0,0.0,yfinance_raw_daily
2026-03-11,56.0,58.0,55.0,57.0,57.0,2671797300,0.0,0.0,yfinance_raw_daily
2026-03-12,57.0,58.0,55.0,56.0,56.0,3371578900,0.0,0.0,yfinance_raw_daily
2026-03-13,55.0,56.0,53.0,55.0,55.0,3802932400,0.0,0.0,yfinance_raw_daily
2026-03-16,54.0,54.0,51.0,52.0,52.0,6367062200,0.0,0.0,yfinance_raw_daily
2026-03-17,52.0,53.0,51.0,51.0,51.0,4306491000,0.0,0.0,yfinance_raw_daily
2026-03-25,50.0,53.0,50.0,53.0,53.0,9934206000,0.0,0.0,yfinance_raw_daily
2026-03-26,53.0,53.0,51.0,52.0,52.0,4495899400,0.0,0.0,yfinance_raw_daily
2026-03-27,51.0,52.0,51.0,51.0,51.0,2800261100,0.0,0.0,yfinance_raw_daily
2026-03-30,51.0,52.0,50.0,52.0,52.0,3209633400,0.0,0.0,yfinance_raw_daily
2026-03-31,51.0,52.0,51.0,51.0,51.0,1837937600,0.0,0.0,yfinance_raw_daily
2026-04-01,52.0,53.0,51.0,53.0,53.0,3587278100,0.0,0.0,yfinance_raw_daily
2026-04-02,52.0,53.0,52.0,53.0,53.0,1867843400,0.0,0.0,yfinance_raw_daily
2026-04-06,53.0,53.0,51.0,52.0,52.0,3043071700,0.0,0.0,yfinance_raw_daily
2026-04-07,52.0,52.0,51.0,51.0,51.0,2472398300,0.0,0.0,yfinance_raw_daily
2026-04-08,52.0,53.0,51.0,52.0,52.0,5218807000,0.0,0.0,yfinance_raw_daily
2026-04-09,52.0,52.0,51.0,52.0,52.0,1148415900,0.0,0.0,yfinance_raw_daily
2026-04-10,52.0,52.0,51.0,52.0,52.0,3341817300,0.0,0.0,yfinance_raw_daily
2026-04-13,52.0,53.0,51.0,52.0,52.0,4235010800,0.0,0.0,yfinance_raw_daily
2026-04-14,52.0,53.0,52.0,52.0,52.0,1611484100,0.0,0.0,yfinance_raw_daily
2026-04-15,53.0,53.0,52.0,52.0,52.0,2258999200,0.0,0.0,yfinance_raw_daily
2026-04-16,52.0,53.0,51.0,52.0,52.0,1887231700,0.0,0.0,yfinance_raw_daily
2026-04-17,52.0,53.0,52.0,52.0,52.0,1112749400,0.0,0.0,yfinance_raw_daily
2026-04-20,52.0,54.0,52.0,53.0,53.0,5355375400,0.0,0.0,yfinance_raw_daily
2026-04-21,54.0,57.0,53.0,56.0,56.0,5512536000,0.0,0.0,yfinance_raw_daily
2026-04-22,56.0,57.0,56.0,56.0,56.0,494174000,0.0,0.0,yfinance_raw_daily
