ticker,label,n_trades,n_episodes,verdict,detail,wr_pct,mean_pct,median_pct,ci95_lo_pct,p1,p3,p4,passed
AADI,GABUNGAN,59,8,SAMPEL TIPIS,cuma 8 episode (min 12),,,,,,,,
AALI,GABUNGAN,26,6,SAMPEL TIPIS,cuma 6 episode (min 12),,,,,,,,
ADMR,GABUNGAN,74,20,LULUS 2/3,,40.0,0.4978549043251774,-0.166013493203396,-0.49127843584635467,True,True,False,2.0
ADRO,GABUNGAN,51,11,SAMPEL TIPIS,cuma 11 episode (min 12),,,,,,,,
AKRA,GABUNGAN,34,18,LULUS 0/3,,22.22222222222222,0.8420226454085975,-0.846703226558556,-1.2501133225093632,False,False,False,0.0
AMMN,GABUNGAN,103,15,LULUS 2/3,,40.0,0.5379893748613781,-0.4950501455839522,-0.6961954563005516,True,True,False,2.0
AMRT,GABUNGAN,68,18,LULUS 1/3,,33.33333333333333,-0.17499452031372167,-1.3834297325621445,-1.19619581357314,True,False,False,1.0
ANTM,GABUNGAN,86,16,LULUS 0/3,,37.5,0.0996544161629351,-0.2750812969837181,-0.7404031647495679,False,False,False,0.0
ARCI,GABUNGAN,102,17,LULUS 2/3,,52.94117647058824,0.8121980106818224,0.35853658536585464,-0.32231205439169464,True,True,False,2.0
ARTO,GABUNGAN,114,19,LULUS 2/3,,52.63157894736842,0.4965805515035257,0.664926749722887,-0.1373155698192821,True,True,False,2.0
ATLA,GABUNGAN,78,7,SAMPEL TIPIS,cuma 7 episode (min 12),,,,,,,,
BAJA,GABUNGAN,65,15,LULUS PENUH,,66.66666666666666,3.1773761350562286,2.7380562178190013,1.1113870596431061,True,True,True,3.0
BBCA,GABUNGAN,16,7,SAMPEL TIPIS,cuma 7 episode (min 12),,,,,,,,
BBRI,GABUNGAN,31,14,LULUS 0/3,,50.0,-0.17877621807999522,-0.023129826628912283,-0.9838645608603924,False,False,False,0.0
BBTN,GABUNGAN,40,22,LULUS 0/3,,27.27272727272727,-0.7008344093740856,-0.66298953357771,-1.3203262028284388,False,False,False,0.0
BIPI,GABUNGAN,140,14,LULUS 1/3,,28.57142857142857,0.13265732546805986,-0.6211054240417226,-1.0590189444113063,True,False,False,1.0
BKSL,GABUNGAN,173,14,LULUS 1/3,,71.42857142857143,0.7829321015223082,0.4034230209693071,-0.40026636238887914,False,True,False,1.0
BMRI,GABUNGAN,35,17,LULUS 0/3,,41.17647058823529,-0.15244055326582892,-0.7244657217059352,-1.0858046130794095,False,False,False,0.0
BNBR,GABUNGAN,199,11,SAMPEL TIPIS,cuma 11 episode (min 12),,,,,,,,
BNGA,GABUNGAN,8,6,SAMPEL TIPIS,cuma 6 episode (min 12),,,,,,,,
BREN,GABUNGAN,165,16,LULUS 2/3,,56.25,1.4923539690845506,0.7192115214883228,-0.0022994673526412976,True,True,False,2.0
BRMS,GABUNGAN,133,16,LULUS 2/3,,50.0,0.7984413813914218,0.44862753490060986,-0.2532833338257893,True,True,False,2.0
BSDE,GABUNGAN,48,17,LULUS 2/3,,47.05882352941176,0.2997187349980861,-0.12384615384615147,-0.4163505275488617,True,True,False,2.0
BSSR,GABUNGAN,7,5,SAMPEL TIPIS,cuma 5 episode (min 12),,,,,,,,
BULL,GABUNGAN,174,19,LULUS 2/3,,52.63157894736842,0.9487482884525972,0.8296296296296253,-0.19517186343518547,True,True,False,2.0
BUVA,GABUNGAN,156,13,LULUS PENUH,,61.53846153846154,1.3890524505109518,0.5793103448275889,0.26544795957052514,True,True,True,3.0
CBRE,GABUNGAN,218,10,SAMPEL TIPIS,cuma 10 episode (min 12),,,,,,,,
CDIA,GABUNGAN,106,4,SAMPEL TIPIS,cuma 4 episode (min 12),,,,,,,,
COCO,GABUNGAN,235,10,SAMPEL TIPIS,cuma 10 episode (min 12),,,,,,,,
COIN,GABUNGAN,140,5,SAMPEL TIPIS,cuma 5 episode (min 12),,,,,,,,
CTTH,GABUNGAN,146,19,LULUS PENUH,,68.42105263157895,1.2645064732582956,1.0697435897435887,0.2106559953000067,True,True,True,3.0
CUAN,GABUNGAN,197,16,LULUS 1/3,,56.25,0.3330715459119829,0.3951238431498312,-0.40032947723927265,False,True,False,1.0
DOOH,GABUNGAN,187,15,LULUS 1/3,,33.33333333333333,0.4207399305066732,-0.8202020202020204,-0.7278764946554857,True,False,False,1.0
DSSA,GABUNGAN,139,15,LULUS 1/3,,60.0,0.6996946357600912,1.4063170916577612,-0.6967264274690644,False,True,False,1.0
ELSA,GABUNGAN,48,13,LULUS 0/3,,38.46153846153847,-0.17688961092009514,-0.7237288135593094,-1.2927588473468477,False,False,False,0.0
EMTK,GABUNGAN,124,19,LULUS 2/3,,63.1578947368421,0.5966930691302545,1.3603773584905505,-0.2521930302532377,True,True,False,2.0
ENRG,GABUNGAN,127,15,LULUS PENUH,,80.0,1.2903870221675309,0.6154455445544611,0.302307338243722,True,True,True,3.0
ERAA,GABUNGAN,38,19,LULUS 0/3,,47.368421052631575,0.26159180433409357,-0.43855421686746987,-0.5564730776045256,False,False,False,0.0
FUTR,GABUNGAN,244,9,SAMPEL TIPIS,cuma 9 episode (min 12),,,,,,,,
GDST,GABUNGAN,60,11,SAMPEL TIPIS,cuma 11 episode (min 12),,,,,,,,
GGRM,GABUNGAN,36,15,LULUS 0/3,,46.666666666666664,-0.15225408770568716,-0.5027468305800968,-1.1896048765168614,False,False,False,0.0
GPSO,GABUNGAN,246,12,LULUS 2/3,,58.333333333333336,1.471773770430313,0.6046121593291327,-0.4078656078361223,True,True,False,2.0
GTSI,GABUNGAN,161,15,LULUS 2/3,,60.0,1.0060304752013771,0.7605702445089009,-0.12916940221437084,True,True,False,2.0
GULA,GABUNGAN,129,9,SAMPEL TIPIS,cuma 9 episode (min 12),,,,,,,,
HMSP,GABUNGAN,41,12,LULUS 0/3,,33.33333333333333,0.3315283576140308,-0.8752831897567266,-1.0681637866832687,False,False,False,0.0
HRTA,GABUNGAN,103,13,LULUS PENUH,,61.53846153846154,1.7797147102121234,0.7360824742268075,0.02782400930842708,True,True,True,3.0
HUMI,GABUNGAN,163,17,LULUS 2/3,,58.82352941176471,1.4953661333536685,0.15964912280701957,-0.1757161572118493,True,True,False,2.0
IATA,GABUNGAN,119,15,LULUS 1/3,,60.0,1.7041380031032831,0.6385964912280613,-0.407925937748863,False,True,False,1.0
ICBP,GABUNGAN,16,11,SAMPEL TIPIS,cuma 11 episode (min 12),,,,,,,,
IMPC,GABUNGAN,88,13,LULUS 1/3,,46.15384615384615,-0.24232559921219368,-1.1005780346820864,-1.386630125534958,True,False,False,1.0
INCO,GABUNGAN,112,16,LULUS 2/3,,50.0,0.505566245451475,0.033145764479972695,-0.24096848210932903,True,True,False,2.0
INDF,GABUNGAN,11,7,SAMPEL TIPIS,cuma 7 episode (min 12),,,,,,,,
INDY,GABUNGAN,101,18,LULUS PENUH,,66.66666666666666,1.169706146563984,0.8134084118908622,0.11590731657371085,True,True,True,3.0
INET,GABUNGAN,178,15,LULUS 2/3,,60.0,1.1749167811389782,0.9607287449392716,-0.2113854683977633,True,True,False,2.0
INKP,GABUNGAN,59,15,LULUS 1/3,,46.666666666666664,0.3199250359678838,-0.9842706443593356,-0.8241268369124144,True,False,False,1.0
IRSX,GABUNGAN,218,13,LULUS 2/3,,61.53846153846154,2.7402568746650613,0.9692307692307673,-1.3452195925110142,True,True,False,2.0
ITMG,GABUNGAN,15,10,SAMPEL TIPIS,cuma 10 episode (min 12),,,,,,,,
JGLE,GABUNGAN,258,10,SAMPEL TIPIS,cuma 10 episode (min 12),,,,,,,,
JKON,GABUNGAN,36,14,LULUS 2/3,,50.0,1.327041140976324,0.12831339260938115,-0.06128664564068998,True,True,False,2.0
KBLV,GABUNGAN,195,12,LULUS PENUH,,83.33333333333334,5.000600884938176,2.754832581919892,1.1563711806101336,True,True,True,3.0
KIJA,GABUNGAN,73,7,SAMPEL TIPIS,cuma 7 episode (min 12),,,,,,,,
KOKA,GABUNGAN,178,14,LULUS 2/3,,57.14285714285714,1.1507177270908215,0.30690110215698,-1.3552607248225574,True,True,False,2.0
KOTA,GABUNGAN,250,7,SAMPEL TIPIS,cuma 7 episode (min 12),,,,,,,,
LSIP,GABUNGAN,46,12,LULUS 1/3,,41.66666666666667,0.19479975636103475,-0.3656235786480104,-0.5171363306370517,True,False,False,1.0
MAPI,GABUNGAN,56,17,LULUS 0/3,,58.82352941176471,0.688471081749506,0.16969696969695372,-0.8582995538037622,False,False,False,0.0
MAXI,GABUNGAN,28,8,SAMPEL TIPIS,cuma 8 episode (min 12),,,,,,,,
MBMA,GABUNGAN,142,18,LULUS PENUH,,66.66666666666666,2.3679412836213207,0.2724722525461787,0.5537689238191208,True,True,True,3.0
MCAS,GABUNGAN,220,15,LULUS 1/3,,53.333333333333336,0.7256014407163988,0.19236641221373543,-0.9290144235556196,False,True,False,1.0
MDIA,GABUNGAN,203,5,SAMPEL TIPIS,cuma 5 episode (min 12),,,,,,,,
MDKA,GABUNGAN,99,19,LULUS 2/3,,47.368421052631575,0.9706580596410823,-0.1399808476327346,-0.0884288976017408,True,True,False,2.0
MEDC,GABUNGAN,61,17,LULUS 0/3,,35.294117647058826,-0.5106345467340406,-0.474253980998262,-1.113058913272666,False,False,False,0.0
MINA,GABUNGAN,230,12,LULUS PENUH,,66.66666666666666,12.913107206460536,2.835311097568982,0.43768566318192265,True,True,True,3.0
MLPL,GABUNGAN,183,16,LULUS PENUH,,81.25,1.0690474701357702,0.9887435533800649,0.274615136294632,True,True,True,3.0
MLPT,GABUNGAN,209,16,LULUS PENUH,,50.0,7.764893381389647,0.6620074552672637,0.11791757740769407,True,True,True,3.0
NCKL,GABUNGAN,77,17,LULUS 2/3,,35.294117647058826,0.38948946914243543,-0.09974846067190499,-0.38119186668742133,True,True,False,2.0
NSSS,GABUNGAN,95,9,SAMPEL TIPIS,cuma 9 episode (min 12),,,,,,,,
NTBK,GABUNGAN,117,5,SAMPEL TIPIS,cuma 5 episode (min 12),,,,,,,,
OILS,GABUNGAN,103,16,LULUS PENUH,,68.75,3.158430175262597,1.1877803357338845,0.9805923457693676,True,True,True,3.0
PADI,GABUNGAN,243,9,SAMPEL TIPIS,cuma 9 episode (min 12),,,,,,,,
PAMG,GABUNGAN,84,17,LULUS 2/3,,64.70588235294117,0.747904538161753,0.8981545318569086,-0.18215648154287986,True,True,False,2.0
PANI,GABUNGAN,109,18,LULUS 2/3,,55.55555555555556,0.3445933812701039,0.22439530922432407,-0.4524861756412498,True,True,False,2.0
PGAS,GABUNGAN,40,9,SAMPEL TIPIS,cuma 9 episode (min 12),,,,,,,,
PNLF,GABUNGAN,74,15,LULUS 0/3,,46.666666666666664,0.13604072734813694,-0.1492938693410414,-0.8425571794941928,False,False,False,0.0
PSAB,GABUNGAN,145,14,LULUS 2/3,,64.28571428571429,1.1189361810481993,0.8898583304433154,-0.11182025841691272,True,True,False,2.0
PTBA,GABUNGAN,19,8,SAMPEL TIPIS,cuma 8 episode (min 12),,,,,,,,
PTRO,GABUNGAN,148,15,LULUS PENUH,,73.33333333333333,2.2942680418203643,1.1819808199812738,0.40809658988669834,True,True,True,3.0
RAJA,GABUNGAN,162,19,LULUS PENUH,,73.68421052631578,2.1739686244799374,1.8148749678143985,0.9135712513019683,True,True,True,3.0
RATU,GABUNGAN,146,7,SAMPEL TIPIS,cuma 7 episode (min 12),,,,,,,,
REAL,GABUNGAN,205,8,SAMPEL TIPIS,cuma 8 episode (min 12),,,,,,,,
RMKE,GABUNGAN,87,10,SAMPEL TIPIS,cuma 10 episode (min 12),,,,,,,,
SLIS,GABUNGAN,114,9,SAMPEL TIPIS,cuma 9 episode (min 12),,,,,,,,
SMIL,GABUNGAN,194,14,LULUS 2/3,,50.0,0.8467824081490282,-0.32183908045977305,-1.1066496730957749,True,True,False,2.0
SSIA,GABUNGAN,126,19,LULUS 2/3,,57.89473684210527,0.6218023496019437,0.050478580057611994,-0.2764771058784084,True,True,False,2.0
SWID,GABUNGAN,61,9,SAMPEL TIPIS,cuma 9 episode (min 12),,,,,,,,
TINS,GABUNGAN,93,18,LULUS PENUH,,72.22222222222221,1.3945896563081484,0.8839228319826488,0.24933236446576137,True,True,True,3.0
TKIM,GABUNGAN,58,15,LULUS 0/3,,33.33333333333333,-0.400495797567226,-0.8503873717235907,-1.2981720504944303,False,False,False,0.0
TLKM,GABUNGAN,46,20,LULUS 0/3,,25.0,-0.6581893819875517,-1.704890862721386,-1.702082197760873,False,False,False,0.0
TOBA,GABUNGAN,174,17,LULUS PENUH,,64.70588235294117,0.9858968419853746,1.0281250000000026,0.2233433196989324,True,True,True,3.0
TOWR,GABUNGAN,47,14,LULUS 0/3,,35.714285714285715,-0.5617899564864097,-0.6359558778402481,-1.4866362114057199,False,False,False,0.0
TPIA,GABUNGAN,122,20,LULUS 0/3,,40.0,-0.18527093847300752,-0.22990348343008227,-1.1655955011992518,False,False,False,0.0
VKTR,GABUNGAN,171,17,LULUS PENUH,,58.82352941176471,3.1947387636704643,0.46709350132570465,0.7734952781711089,True,True,True,3.0
WIFI,GABUNGAN,123,19,LULUS PENUH,,73.68421052631578,2.4442233602562218,1.867115030194829,0.8976472375385128,True,True,True,3.0
WIRG,GABUNGAN,164,17,LULUS 0/3,,41.17647058823529,-0.5057088839733926,-1.0807017543859703,-1.373829906712697,False,False,False,0.0
WMUU,GABUNGAN,207,11,SAMPEL TIPIS,cuma 11 episode (min 12),,,,,,,,
AADI,MOMENTUM,111,8,SAMPEL TIPIS,cuma 8 episode (min 12),,,,,,,,
AALI,MOMENTUM,136,10,SAMPEL TIPIS,cuma 10 episode (min 12),,,,,,,,
ADMR,MOMENTUM,80,11,SAMPEL TIPIS,cuma 11 episode (min 12),,,,,,,,
ADRO,MOMENTUM,138,13,LULUS 0/3,,15.384615384615385,-1.204073382542088,-1.2505361305361313,-1.6492366075227027,False,False,False,0.0
AKRA,MOMENTUM,134,10,SAMPEL TIPIS,cuma 10 episode (min 12),,,,,,,,
AMMN,MOMENTUM,99,8,SAMPEL TIPIS,cuma 8 episode (min 12),,,,,,,,
AMRT,MOMENTUM,72,10,SAMPEL TIPIS,cuma 10 episode (min 12),,,,,,,,
ANTM,MOMENTUM,135,11,SAMPEL TIPIS,cuma 11 episode (min 12),,,,,,,,
ARCI,MOMENTUM,165,13,LULUS 0/3,,30.76923076923077,-0.600041454462691,-0.3716813567074502,-1.4690406466110377,False,False,False,0.0
ARTO,MOMENTUM,108,8,SAMPEL TIPIS,cuma 8 episode (min 12),,,,,,,,
ATLA,MOMENTUM,52,6,SAMPEL TIPIS,cuma 6 episode (min 12),,,,,,,,
BAJA,MOMENTUM,84,14,LULUS PENUH,,64.28571428571429,3.2060221161215394,1.172353759154388,0.5530266692043103,True,True,True,3.0
BBCA,MOMENTUM,65,9,SAMPEL TIPIS,cuma 9 episode (min 12),,,,,,,,
BBRI,MOMENTUM,73,10,SAMPEL TIPIS,cuma 10 episode (min 12),,,,,,,,
BBTN,MOMENTUM,104,11,SAMPEL TIPIS,cuma 11 episode (min 12),,,,,,,,
BIPI,MOMENTUM,103,14,LULUS PENUH,,78.57142857142857,1.7854324208402588,0.5833333333333364,0.4591779065893784,True,True,True,3.0
BKSL,MOMENTUM,112,12,LULUS PENUH,,75.0,1.3073593886765815,1.615100601971632,0.27852167126318705,True,True,True,3.0
BMRI,MOMENTUM,104,10,SAMPEL TIPIS,cuma 10 episode (min 12),,,,,,,,
BNBR,MOMENTUM,109,7,SAMPEL TIPIS,cuma 7 episode (min 12),,,,,,,,
BNGA,MOMENTUM,106,14,LULUS 0/3,,7.142857142857142,-1.4402536591604385,-1.44079555804072,-1.7181103707050296,False,False,False,0.0
BREN,MOMENTUM,128,10,SAMPEL TIPIS,cuma 10 episode (min 12),,,,,,,,
BRMS,MOMENTUM,143,13,LULUS 0/3,,46.15384615384615,-0.08383030169045193,-0.2766206322657931,-0.7572133840661456,False,False,False,0.0
BSDE,MOMENTUM,95,7,SAMPEL TIPIS,cuma 7 episode (min 12),,,,,,,,
BSSR,MOMENTUM,116,13,LULUS 0/3,,0.0,-1.6824749185452288,-1.7028740335471593,-2.0388946038381675,False,False,False,0.0
BULL,MOMENTUM,147,11,SAMPEL TIPIS,cuma 11 episode (min 12),,,,,,,,
BUVA,MOMENTUM,150,11,SAMPEL TIPIS,cuma 11 episode (min 12),,,,,,,,
CBRE,MOMENTUM,93,9,SAMPEL TIPIS,cuma 9 episode (min 12),,,,,,,,
CDIA,MOMENTUM,43,6,SAMPEL TIPIS,cuma 6 episode (min 12),,,,,,,,
COCO,MOMENTUM,62,6,SAMPEL TIPIS,cuma 6 episode (min 12),,,,,,,,
COIN,MOMENTUM,61,2,SAMPEL TIPIS,cuma 2 episode (min 12),,,,,,,,
CTTH,MOMENTUM,194,10,SAMPEL TIPIS,cuma 10 episode (min 12),,,,,,,,
CUAN,MOMENTUM,150,9,SAMPEL TIPIS,cuma 9 episode (min 12),,,,,,,,
DOOH,MOMENTUM,130,9,SAMPEL TIPIS,cuma 9 episode (min 12),,,,,,,,
DSSA,MOMENTUM,245,12,LULUS PENUH,,83.33333333333334,0.8169986801818926,0.6197327190960598,0.14976765085395277,True,True,True,3.0
ELSA,MOMENTUM,134,16,LULUS 0/3,,12.5,-0.6455835907155211,-0.8164549033080736,-1.2997205694614422,False,False,False,0.0
EMTK,MOMENTUM,101,9,SAMPEL TIPIS,cuma 9 episode (min 12),,,,,,,,
ENRG,MOMENTUM,204,10,SAMPEL TIPIS,cuma 10 episode (min 12),,,,,,,,
ERAA,MOMENTUM,82,11,SAMPEL TIPIS,cuma 11 episode (min 12),,,,,,,,
FUTR,MOMENTUM,159,5,SAMPEL TIPIS,cuma 5 episode (min 12),,,,,,,,
GDST,MOMENTUM,107,14,LULUS 2/3,,35.714285714285715,0.2962877536833685,-0.37728918549033774,-0.7898438514859564,True,True,False,2.0
GGRM,MOMENTUM,104,10,SAMPEL TIPIS,cuma 10 episode (min 12),,,,,,,,
GPSO,MOMENTUM,118,10,SAMPEL TIPIS,cuma 10 episode (min 12),,,,,,,,
GTSI,MOMENTUM,131,8,SAMPEL TIPIS,cuma 8 episode (min 12),,,,,,,,
GULA,MOMENTUM,226,7,SAMPEL TIPIS,cuma 7 episode (min 12),,,,,,,,
HMSP,MOMENTUM,76,6,SAMPEL TIPIS,cuma 6 episode (min 12),,,,,,,,
HRTA,MOMENTUM,194,13,LULUS 2/3,,53.84615384615385,0.3853395790945538,0.29850581412406,-0.34233448703004077,True,True,False,2.0
HUMI,MOMENTUM,99,9,SAMPEL TIPIS,cuma 9 episode (min 12),,,,,,,,
IATA,MOMENTUM,113,10,SAMPEL TIPIS,cuma 10 episode (min 12),,,,,,,,
ICBP,MOMENTUM,71,7,SAMPEL TIPIS,cuma 7 episode (min 12),,,,,,,,
IMPC,MOMENTUM,156,6,SAMPEL TIPIS,cuma 6 episode (min 12),,,,,,,,
INCO,MOMENTUM,125,11,SAMPEL TIPIS,cuma 11 episode (min 12),,,,,,,,
INDF,MOMENTUM,109,11,SAMPEL TIPIS,cuma 11 episode (min 12),,,,,,,,
INDY,MOMENTUM,126,10,SAMPEL TIPIS,cuma 10 episode (min 12),,,,,,,,
INET,MOMENTUM,163,11,SAMPEL TIPIS,cuma 11 episode (min 12),,,,,,,,
INKP,MOMENTUM,137,10,SAMPEL TIPIS,cuma 10 episode (min 12),,,,,,,,
IRSX,MOMENTUM,125,9,SAMPEL TIPIS,cuma 9 episode (min 12),,,,,,,,
ITMG,MOMENTUM,112,12,LULUS 0/3,,0.0,-1.5062612804936961,-1.2454298217017057,-1.9278172188598848,False,False,False,0.0
JGLE,MOMENTUM,133,14,LULUS PENUH,,78.57142857142857,3.4699982190080596,2.2179407239791575,0.8472239667853148,True,True,True,3.0
JKON,MOMENTUM,60,11,SAMPEL TIPIS,cuma 11 episode (min 12),,,,,,,,
KBLV,MOMENTUM,195,9,SAMPEL TIPIS,cuma 9 episode (min 12),,,,,,,,
KIJA,MOMENTUM,148,12,LULUS 0/3,,25.0,-0.636707777177295,-1.087130984643183,-1.46136136923354,False,False,False,0.0
KOKA,MOMENTUM,123,12,LULUS PENUH,,75.0,6.481267511687176,2.8392345059326947,0.9168169139136426,True,True,True,3.0
KOTA,MOMENTUM,149,9,SAMPEL TIPIS,cuma 9 episode (min 12),,,,,,,,
LSIP,MOMENTUM,171,10,SAMPEL TIPIS,cuma 10 episode (min 12),,,,,,,,
MAPI,MOMENTUM,75,13,LULUS 0/3,,7.6923076923076925,-1.1373997696433573,-1.5079574710037995,-1.6010346642590636,False,False,False,0.0
MAXI,MOMENTUM,63,6,SAMPEL TIPIS,cuma 6 episode (min 12),,,,,,,,
MBMA,MOMENTUM,91,9,SAMPEL TIPIS,cuma 9 episode (min 12),,,,,,,,
MCAS,MOMENTUM,90,6,SAMPEL TIPIS,cuma 6 episode (min 12),,,,,,,,
MDIA,MOMENTUM,130,7,SAMPEL TIPIS,cuma 7 episode (min 12),,,,,,,,
MDKA,MOMENTUM,106,12,LULUS 0/3,,50.0,-0.18138662871441313,0.104559592725631,-0.7137298280835728,False,False,False,0.0
MEDC,MOMENTUM,112,10,SAMPEL TIPIS,cuma 10 episode (min 12),,,,,,,,
MINA,MOMENTUM,139,6,SAMPEL TIPIS,cuma 6 episode (min 12),,,,,,,,
MLPL,MOMENTUM,118,10,SAMPEL TIPIS,cuma 10 episode (min 12),,,,,,,,
MLPT,MOMENTUM,198,9,SAMPEL TIPIS,cuma 9 episode (min 12),,,,,,,,
NCKL,MOMENTUM,100,11,SAMPEL TIPIS,cuma 11 episode (min 12),,,,,,,,
NSSS,MOMENTUM,258,13,LULUS 2/3,,46.15384615384615,0.9457208078448329,-0.42071739495332,-0.43618200186916606,True,True,False,2.0
NTBK,MOMENTUM,57,5,SAMPEL TIPIS,cuma 5 episode (min 12),,,,,,,,
OILS,MOMENTUM,107,11,SAMPEL TIPIS,cuma 11 episode (min 12),,,,,,,,
PADI,MOMENTUM,124,16,LULUS 2/3,,50.0,3.646965726695322,0.48442028985507596,-0.35850707740774285,True,True,False,2.0
PAMG,MOMENTUM,46,10,SAMPEL TIPIS,cuma 10 episode (min 12),,,,,,,,
PANI,MOMENTUM,126,14,LULUS 0/3,,21.428571428571427,-1.013403870297735,-1.6389153435281554,-1.6949325867624803,False,False,False,0.0
PGAS,MOMENTUM,147,13,LULUS 0/3,,7.6923076923076925,-1.256145332549988,-1.5094663196633398,-1.6307546645894944,False,False,False,0.0
PNLF,MOMENTUM,89,12,LULUS 1/3,,50.0,0.20090128379270888,-0.16051833402089227,-0.284972780778055,False,True,False,1.0
PSAB,MOMENTUM,132,13,LULUS 1/3,,84.61538461538461,0.8139766205575348,0.8316526894884619,-0.23714048124394627,False,True,False,1.0
PTBA,MOMENTUM,145,6,SAMPEL TIPIS,cuma 6 episode (min 12),,,,,,,,
PTRO,MOMENTUM,251,10,SAMPEL TIPIS,cuma 10 episode (min 12),,,,,,,,
RAJA,MOMENTUM,149,15,LULUS 2/3,,53.333333333333336,0.738662635229086,0.0777391363964239,-0.4217913313004418,True,True,False,2.0
RATU,MOMENTUM,76,6,SAMPEL TIPIS,cuma 6 episode (min 12),,,,,,,,
REAL,MOMENTUM,110,14,LULUS PENUH,,71.42857142857143,3.4629100775572406,2.5578282828282797,1.0517236725404682,True,True,True,3.0
RMKE,MOMENTUM,154,7,SAMPEL TIPIS,cuma 7 episode (min 12),,,,,,,,
SLIS,MOMENTUM,71,10,SAMPEL TIPIS,cuma 10 episode (min 12),,,,,,,,
SMIL,MOMENTUM,219,8,SAMPEL TIPIS,cuma 8 episode (min 12),,,,,,,,
SSIA,MOMENTUM,152,11,SAMPEL TIPIS,cuma 11 episode (min 12),,,,,,,,
SWID,MOMENTUM,93,10,SAMPEL TIPIS,cuma 10 episode (min 12),,,,,,,,
TINS,MOMENTUM,163,10,SAMPEL TIPIS,cuma 10 episode (min 12),,,,,,,,
TKIM,MOMENTUM,143,9,SAMPEL TIPIS,cuma 9 episode (min 12),,,,,,,,
TLKM,MOMENTUM,87,10,SAMPEL TIPIS,cuma 10 episode (min 12),,,,,,,,
TOBA,MOMENTUM,145,11,SAMPEL TIPIS,cuma 11 episode (min 12),,,,,,,,
TOWR,MOMENTUM,67,9,SAMPEL TIPIS,cuma 9 episode (min 12),,,,,,,,
TPIA,MOMENTUM,111,8,SAMPEL TIPIS,cuma 8 episode (min 12),,,,,,,,
VKTR,MOMENTUM,204,8,SAMPEL TIPIS,cuma 8 episode (min 12),,,,,,,,
WIFI,MOMENTUM,173,13,LULUS 2/3,,69.23076923076923,1.255575194953276,0.6730425184479996,-0.15259307968026453,True,True,False,2.0
WIRG,MOMENTUM,83,8,SAMPEL TIPIS,cuma 8 episode (min 12),,,,,,,,
WMUU,MOMENTUM,98,11,SAMPEL TIPIS,cuma 11 episode (min 12),,,,,,,,
