manual_label_id,news_article_id,sample_method,article_type,stock,published_at,manual_label,ml_label,ml_confidence,rule_label,title,summary,source_url,review_decision
231,35,legacy_hard_case,macro,,2026-04-08,positive,neutral,0.9975,positive,"Siaran Pers: OJK Sambut Positif Klasifikasi FTSE Russell Dan Tegaskan Komitmen Penguatan Integritas Pasar Modal Indonesia","SP 69/DKPU/OJK/IV/2026&#160;SIARAN PERSOJK SAMBUT POSITIF KLASIFIKASI FTSE RUSSELL DAN TEGASKAN KOMITMEN PENGUATAN INTEGRITAS PASAR MODAL INDONESIAJakarta, 8 April 2026. Otoritas Jasa Keuangan (OJK) m...",https://www.ojk.go.id/id/berita-dan-kegiatan/siaran-pers/Pages/OJK-Sambut-Positif-Klasifikasi-Ftse-Russell-Dan-Tegaskan-Komitmen-Penguatan-Integritas-Pasar-Modal-Indonesia.aspx,
91,13,legacy_hard_case,emiten_spesifik,BBCA,2026-04-18,positive,neutral,0.997,positive,"Laba BCA tumbuh dobel digit, perbankan tetap defensif","Ringkasan singkat mengenai Laba BCA tumbuh dobel digit, perbankan tetap defensif",https://news.mock/laba-bca-tumbuh-dobel-digit-perbankan-tetap-defensif,
202,194,legacy_hard_case,emiten_spesifik,ASII,2026-04-21,positive,neutral,0.996,positive,"Otomotif Fluktuatif, Laba Astra Otoparts Masih Tumbuh 10,6% di Kuartal I - FORTUNE Indonesia","Otomotif Fluktuatif, Laba Astra Otoparts Masih Tumbuh 10,6% di Kuartal I  FORTUNE Indonesia",https://news.google.com/rss/articles/d7ba7e0fd1ecc4076f315d47098e8fe4,
988,1326,legacy_hard_case,emiten_spesifik,ADRO,2025-12-18,positive,neutral,0.9956,positive,"Dividen Interim ADRO Jumbo Awal 2026, Yield Tembus 6% dan Kalahkan Bunga Deposito - TradingView","Dividen Interim ADRO Jumbo Awal 2026, Yield Tembus 6% dan Kalahkan Bunga Deposito  TradingView",https://news.google.com/rss/articles/CBMiZkFVX3lxTE5fUTB3bEJoZ2U0NnlyS09qMlk2ZTdfNXAwXzhCaXowQ21RRWpvZ2tkZWtmdDlha3kwZkJzVTdDYVpDYnRkbmR6MXctaEtpRDllcTJPNEpoNmllbE9jcnFnSW9GWXktQQ?oc=5,
332,954,legacy_hard_case,emiten_spesifik,ASII,2026-04-18,positive,neutral,0.9955,neutral,"Astra Otoparts Names Yusak Kristian as New CEO Amid Record Profits and 44% Upside Potential - InvestorTrust","Astra Otoparts Names Yusak Kristian as New CEO Amid Record Profits and 44% Upside Potential  InvestorTrust",https://news.google.com/rss/articles/8494882ed1b30a4b591f45a9867c345d,
978,181,legacy_hard_case,emiten_spesifik,INDF,2026-03-30,positive,neutral,0.9955,positive,"Di Tengah Badai Ekonomi, Indofood Tancap Gas! Laba Melonjak 24% Tembus Rp10,68 Triliun - Pasardana","Di Tengah Badai Ekonomi, Indofood Tancap Gas! Laba Melonjak 24% Tembus Rp10,68 Triliun  Pasardana",https://news.google.com/rss/articles/89061e1626a63c9c2385dfa5d56dcf3e,
290,875,legacy_hard_case,emiten_spesifik,BBRI,2026-05-19,positive,neutral,0.9954,positive,"Saham BBRI 2026: Potensi Cuan 40%, Dividen, dan Panduan Lengkap - Pluang","Saham BBRI 2026: Potensi Cuan 40%, Dividen, dan Panduan Lengkap  Pluang",https://news.google.com/rss/articles/CBMijwFBVV95cUxQR29FVXNWWWRPSWwxaS1kNzhKZGRlUVQzZ0YzczZFMVBVYWc3VzU0dUVZbUlVd3EzbEhzOWJrSHkzN1JUSnpERmh6My1BQVpxM014d1VqRXkzVFJ4eFhxZFo3c3Q0SE54U2swWi1Xd3pEUkExTUMxa21RLVlfX01qTUpFNy13Nm90OVp6aUV2WQ?oc=5,
952,1520,legacy_hard_case,emiten_spesifik,TLKM,2026-05-29,positive,neutral,0.9954,positive,"Fundamental Kuat, Pendapatan Telkom Tembus Rp37,2 T di Kuartal I-2026 - CNBC Indonesia","Fundamental Kuat, Pendapatan Telkom Tembus Rp37,2 T di Kuartal I-2026  CNBC Indonesia",https://news.google.com/rss/articles/159ad1ac3f89ee8cd5cc70a47b6e45ac,
983,1181,legacy_hard_case,emiten_spesifik,BBCA,2026-01-28,positive,neutral,0.9953,positive,"Kinerja Solid dan Berkelanjutan BCA untuk Dukung Perekonomian Nasional - BCA.co.id","Kinerja Solid dan Berkelanjutan BCA untuk Dukung Perekonomian Nasional  BCA.co.id",https://news.google.com/rss/articles/d71508cbab2941c234c3831d45530180,
286,20,legacy_hard_case,emiten_spesifik,ICBP,2026-04-11,positive,neutral,0.9932,negative,"ICBP perluas ekspor mie instan, margin terjaga","Ringkasan singkat mengenai ICBP perluas ekspor mie instan, margin terjaga",https://news.mock/icbp-perluas-ekspor-mie-instan-margin-terjaga,
112,414,legacy_hard_case,emiten_spesifik,BBRI,2026-04-16,positive,neutral,0.9929,positive,"BRI Segera Tebar Dividen Rp52,1 T, Ini Jadwalnya - CNN Indonesia","BRI Segera Tebar Dividen Rp52,1 T, Ini Jadwalnya  CNN Indonesia",https://news.google.com/rss/articles/dca052d8937f4ebec041d1542b7f57e6,
328,859,legacy_hard_case,emiten_spesifik,BBRI,2026-05-26,neutral,negative,0.9928,negative,"Net Sell Asing Bengkak Lagi, Saham Ini Diam-Diam Diborong","  Investor asing jual besar-besaran, namun tetap membeli saham berfundamental kuat seperti BBRI. IHSG menguat 0,72% di tengah tekanan pasar.",https://www.cnbcindonesia.com/market/20260525212117-17-737948/net-sell-asing-bengkak-lagi-saham-ini-diam-diam-diborong,
618,884,legacy_hard_case,multi_emiten_recommendation,TLKM,2026-05-12,positive,neutral,0.9921,positive,"Laba bersih tergerus 20% di 2025, begini rekomendasi saham TLKM - MSN","Laba bersih tergerus 20% di 2025, begini rekomendasi saham TLKM  MSN",https://news.google.com/rss/articles/1d6582639082c59cb053ca4782317136,
772,93,legacy_hard_case,emiten_spesifik,DEWA,2026-04-08,positive,neutral,0.9919,positive,"Darma Henwa incar kontrak tambang baru untuk perkuat utilisasi alat berat","Ringkasan singkat mengenai Darma Henwa incar kontrak tambang baru untuk perkuat utilisasi alat berat",https://news.mock/darma-henwa-incar-kontrak-tambang-baru-untuk-perkuat-utilisasi-alat-berat,
908,1875,legacy_hard_case,emiten_spesifik,BBRI,2026-07-21,positive,neutral,0.9919,positive,"Di Bawah Supervisi Danantara, BRI Setorkan Dividen Terbesar Sepanjang Sejarah - Radar Tarakan","Di Bawah Supervisi Danantara, BRI Setorkan Dividen Terbesar Sepanjang Sejarah  Radar Tarakan",https://news.google.com/rss/articles/aeeeff2587d29513425b71973f7a3a8c,
519,1618,legacy_hard_case,emiten_spesifik,ASII,2026-07-01,negative,neutral,0.9918,neutral,"Dinilai Jadi Biang Kerok Kemacetan dan Polusi Udara, PMI Siap Gugat PT Astra International, Tbk - Kicaunews","Dinilai Jadi Biang Kerok Kemacetan dan Polusi Udara, PMI Siap Gugat PT Astra International, Tbk  Kicaunews",https://news.google.com/rss/articles/747547f80d968f27e62641abd2cd3644,
49,741,legacy_hard_case,emiten_spesifik,ASII,2026-04-18,positive,neutral,0.9916,positive,"Astra Otoparts Meracik Ulang Susunan Direksi dan Bagikan Dividen Rp170 Per Saham - SWA.co.id","Astra Otoparts Meracik Ulang Susunan Direksi dan Bagikan Dividen Rp170 Per Saham  SWA.co.id",https://news.google.com/rss/articles/70a910697e10e4f119c9e9228ce60da0,
948,1005,legacy_hard_case,emiten_spesifik,TLKM,2026-06-01,positive,neutral,0.9916,positive,"Fokus Transformasi 2026, Telkom Buktikan Kedisiplinan Operasional Tetap Aman dan Solid - babelinsight.id","Fokus Transformasi 2026, Telkom Buktikan Kedisiplinan Operasional Tetap Aman dan Solid  babelinsight.id",https://news.google.com/rss/articles/1acdb20195285247c152288a630f3834,
313,1327,legacy_hard_case,emiten_spesifik,ADRO,2026-01-02,positive,neutral,0.9909,positive,"ADRO Tebar Dividen Interim Rp 145,14 per Saham, Ini Jadwalnya - investor.id","ADRO Tebar Dividen Interim Rp 145,14 per Saham, Ini Jadwalnya  investor.id",https://news.google.com/rss/articles/a75abe93108b40282b269d87eb6564b7,
962,501,legacy_hard_case,emiten_spesifik,ASII,2026-05-05,positive,neutral,0.9909,positive,"Volume Jualan Mobil Turun, tapi Laba Otomotif Astra Malah Naik pada Q1 2026 - Oto","Volume Jualan Mobil Turun, tapi Laba Otomotif Astra Malah Naik pada Q1 2026  Oto",https://news.google.com/rss/articles/c99581f3a4e3e79914e7c477e557dc35,
981,894,legacy_hard_case,emiten_spesifik,UNVR,2026-02-18,positive,neutral,0.9908,positive,"Saham UNVR Tebar Dividen 100% dan Dividen Tambahan, Sinyal Pemulihan Kinerja? - Ajaib","Saham UNVR Tebar Dividen 100% dan Dividen Tambahan, Sinyal Pemulihan Kinerja?  Ajaib",https://news.google.com/rss/articles/37bdfbaf18f46b8acb309ae01d3f9746,
69,325,legacy_hard_case,emiten_spesifik,BMRI,2026-05-01,positive,neutral,0.9897,positive,"Transaksi Luar Negeri Melonjak, Bank Mandiri Perluas QR Antar Negara ke Tiongkok - InvestorTrust","Transaksi Luar Negeri Melonjak, Bank Mandiri Perluas QR Antar Negara ke Tiongkok  InvestorTrust",https://news.google.com/rss/articles/d2168986c7e0ccf0e571197386f44af1,
29,1366,legacy_hard_case,emiten_spesifik,ASII,2026-06-17,positive,neutral,0.9892,positive,"Gelar RUPSLB Rombak Komisaris dan Direksi, Saham Astra International (ASII) Menguat - MSN","Gelar RUPSLB Rombak Komisaris dan Direksi, Saham Astra International (ASII) Menguat  MSN",https://news.google.com/rss/articles/650dfed678a40a8a410c0877e43f7dce,
1,211,legacy_hard_case,emiten_spesifik,ADRO,2026-04-21,positive,neutral,0.9891,positive,"Dividen ADRO 2026 Tembus Rp 3,38 Triliun, Ini Jadwal Pembagiannya - Kompas.com","Dividen ADRO 2026 Tembus Rp 3,38 Triliun, Ini Jadwal Pembagiannya  Kompas.com",https://news.google.com/rss/articles/1fc57c6f465025194017ee387e2338f3,
391,1059,legacy_hard_case,emiten_spesifik,BBCA,2026-06-10,positive,neutral,0.9887,neutral,"BCA (BBCA) Sebut Cost of Fund Tetap Terjaga Berkat Kekuatan CASA - Bisnis.com","BCA (BBCA) Sebut Cost of Fund Tetap Terjaga Berkat Kekuatan CASA  Bisnis.com",https://news.google.com/rss/articles/4bf59213d0c806c0a86c4a0120fff8f2,
497,493,legacy_hard_case,emiten_spesifik,ASII,2026-05-01,positive,neutral,0.9869,positive,"Astra International Bukukan Laba Rp5,85 Triliun di Kuartal I 2026 - Infobanknews","Astra International Bukukan Laba Rp5,85 Triliun di Kuartal I 2026  Infobanknews",https://news.google.com/rss/articles/a2094270945aab2d159325aa5efdf4cc,
575,593,legacy_hard_case,emiten_spesifik,BUMI,2026-03-10,positive,neutral,0.9863,positive,"Saham BUMI Terbang Pagi Ini Diborong Investor Target 241 - truesquid.site","Saham BUMI Terbang Pagi Ini Diborong Investor Target 241  truesquid.site",https://news.google.com/rss/articles/4c0fe0c1b6ead918017bf60ae6e141e7,
452,150,legacy_hard_case,emiten_spesifik,GOTO,2026-04-21,neutral,positive,0.9856,positive,"Saham GOTO Menguat ke Level 56 pada Sesi I Perdagangan Selasa - Readers.id","Saham GOTO Menguat ke Level 56 pada Sesi I Perdagangan Selasa  Readers.id",https://news.google.com/rss/articles/CBMiY0FVX3lxTE1oenB1eElSMXAzS2JWTFJ4MWF1YkFYc3lLQkpxUFRTWi1UaV84cFREUDhhSmpkTUoyanhYb1U1OVZhUER5NU9STEcwSzJsTnF5RHpaOWVIRmNOTlAzLWdyVVd4bw?oc=5,
603,823,legacy_hard_case,emiten_spesifik,BBCA,2026-05-01,neutral,positive,0.9856,positive,"BCA Mulai Buyback Saham, Sinyal Optimisme di Tengah Dinamika Pasar - Industry.co.id","BCA Mulai Buyback Saham, Sinyal Optimisme di Tengah Dinamika Pasar  Industry.co.id",https://news.google.com/rss/articles/7d31678eb156b329c8db6555665f3b04,
217,350,legacy_hard_case,emiten_spesifik,GOTO,2026-05-06,neutral,negative,0.985,positive,"Saham GOTO Mentok di Level Gocap Saat IHSG Menguat","  Saham PT GoTo Gojek Tokopedia Tbk (GOTO) tertahan pada level gocap di tengah menguatnya Indeks Harga Saham Gabungan (IHSG) sepanjang sesi I.",https://finance.detik.com/bursa-dan-valas/d-8476738/saham-goto-mentok-di-level-gocap-saat-ihsg-menguat,
977,1205,legacy_hard_case,emiten_spesifik,BBRI,2026-04-14,positive,neutral,0.9849,positive,"Dividen BBRI Tembus Rp52 Triliun, Cek Jadwal dan Detail Pembagiannya - Ajaib","Dividen BBRI Tembus Rp52 Triliun, Cek Jadwal dan Detail Pembagiannya  Ajaib",https://news.google.com/rss/articles/CBMibEFVX3lxTFA5SEU1bjRSbEdhVlZVQXN5VndJdG5RM2xMZ2REbC1xSEdUaU9uQ1gxVXJYVGZCLUYwNkNhV3hPV0U0c0dtamkxUGxqbmdjTUdHNkdHZVJ5S1dXbTV3ZE5sZG9SVnNMbTlON1JJZA?oc=5,
810,1052,legacy_hard_case,emiten_spesifik,BBCA,2026-06-02,neutral,positive,0.9825,neutral,"Saham BBCA Ada di List - investor.id","Saham BBCA Ada di List  investor.id",https://news.google.com/rss/articles/CBMiZ0FVX3lxTE4wSVVkNUg5Nl96T0Q0X3JkalhkdHk3dl9ZX25BN3FSQWpqUlJUTFBFTDhPSmJFOTVNX2ZpQ0RrdlBGUndYRWVPZ0JRNld6UjA5SzFSX21tQ1RwdXNQdmpTaDFEWFBkWUk?oc=5,
363,203,legacy_hard_case,emiten_spesifik,TLKM,2026-04-22,positive,neutral,0.9823,positive,"Telkom (TLKM) Bagi Dividen Rp 212 per Saham dan Buyback Rp 3 T, Intip Prospeknya","ANTARA FOTO/Akbar Nugroho Gumay  ANTARA FOTO/Akbar Nugroho Gumay",https://katadata.co.id/finansial/bursa/683661a5ceb86/telkom-tlkm-bagi-dividen-rp-212-per-saham-dan-buyback-rp-3-t-intip-prospeknya,
548,161,legacy_hard_case,emiten_spesifik,BMRI,2026-04-21,positive,neutral,0.9817,positive,"Video: Bank Mandiri Cetak Laba Rp 15,4 Triliun di Kuartal I-2026","  Q1-2026, Bank Mandiri Cetak Laba Rp 15,4 Triliun",https://www.cnbcindonesia.com/market/20260421153031-19-728538/video-bank-mandiri-cetak-laba-rp-154-triliun-di-kuartal-i-2026,
16,22,legacy_hard_case,macro,,2026-04-07,positive,neutral,0.9816,positive,"Unilever tekan biaya pemasaran, volume mulai pulih","Ringkasan singkat mengenai Unilever tekan biaya pemasaran, volume mulai pulih",https://news.mock/unilever-tekan-biaya-pemasaran-volume-mulai-pulih,
934,1564,legacy_hard_case,emiten_spesifik,BMRI,2026-06-28,positive,neutral,0.9812,positive,"Bank Mandiri Optimistis Fundamental Ekonomi Indonesia Tetap Kokoh di Tengah Ketidakpastian Global - otoritas.co.id","Bank Mandiri Optimistis Fundamental Ekonomi Indonesia Tetap Kokoh di Tengah Ketidakpastian Global  otoritas.co.id",https://news.google.com/rss/articles/e6a881b48035d9564440ce59176bde03,
348,877,legacy_hard_case,emiten_spesifik,BBRI,2026-05-08,neutral,positive,0.9811,neutral,"Yang Bikin Saham BBRI Menjadi-jadi - investor.id","Yang Bikin Saham BBRI Menjadi-jadi  investor.id",https://news.google.com/rss/articles/CBMidkFVX3lxTE91aUw5X3NtTG0xQlpZQzZaT1RsU0RIRkNjLUpPOTktMGlndTlSeVMyMlhOd2JnTlMtMXJRY1dUY3lUVl9WaTFDVThJYm11MlFaTW9xZExxM2xTQnA5eEZNZWFtUmRrOXgzNnBNbDNFMTNVYnRNWmc?oc=5,
811,769,legacy_hard_case,emiten_spesifik,BBRI,2026-05-13,negative,positive,0.9811,neutral,"Investor Asing Lepas Saham BBRI Senilai Rp 198 Miliar di Sesi I - Babel Insight","Investor Asing Lepas Saham BBRI Senilai Rp 198 Miliar di Sesi I  Babel Insight",https://news.google.com/rss/articles/CBMia0FVX3lxTFAwVUxSNmhPQVB6aUgxcGctdjBWWVkwUUxEOFhvZV9fa3RkNUZKYVhVY2ZRSVIta25NRnlabVFIQmljZXVpX05ybWpqR3VzdTdpWWd4MzFvYXg3a2xFN1JqcW5qNmRkYW9OQnRJ?oc=5,
320,1449,legacy_hard_case,emiten_spesifik,DEWA,2026-01-29,positive,neutral,0.9803,positive,"Darma Henwa posts sharp profit jump in 9M 2025 - Petromindo","Darma Henwa posts sharp profit jump in 9M 2025  Petromindo",https://news.google.com/rss/articles/CBMijwFBVV95cUxNNVpzQUtEZE5xcGNGMHdldEFwR1EzNjd4M1c4V0xOWXNHaHNMaFdnR0FMN1Nhai1NNDR1Q29ZQ0E2THhXeWpwc2pfXzcxTnI2VElJMHVDQ0M0eVRBcmVKN08tNlFtV2sxOFpHMExOMHZCcjJGTmR2aEVPYlgtcHFvVDJiZW1JUUtUMFAxWXJFUQ?oc=5,
528,1156,legacy_hard_case,emiten_spesifik,BUMI,2026-06-15,neutral,positive,0.9768,neutral,"Investor Asing Lego Saham BUMI Rp 179 Miliar pada Sesi I - MediaKompeten","Investor Asing Lego Saham BUMI Rp 179 Miliar pada Sesi I  MediaKompeten",https://news.google.com/rss/articles/CBMidkFVX3lxTE4tWFNwNnFWOEVROTgwelM2b3N4eDhHSDNXUmFVVUxnczZSMG5fWWNQbUNQUEhudHBPN1NiZGxiYzFCR0E0LVk5bUVTOGVGNTRjYUl2T2tNcUdVa2prbm1LRWxwakx1ZWFNWXZ6OWt2YTBVcmpOd1E?oc=5,
722,963,legacy_hard_case,emiten_spesifik,GOTO,2026-05-21,neutral,negative,0.9737,negative,"Analis ungkap dampak komisi aplikator ojol turun jadi 8% ke bisnis GOTO - MSN","Analis ungkap dampak komisi aplikator ojol turun jadi 8% ke bisnis GOTO  MSN",https://news.google.com/rss/articles/d916900b53f24d71682742e47e818156,
970,471,legacy_hard_case,emiten_spesifik,INDF,2026-04-30,positive,neutral,0.9733,positive,"Indofood Sukses Makmur tbk PT posts qtrly profit attributable of 2.958 trln rupiah - marketscreener.com","Indofood Sukses Makmur tbk PT posts qtrly profit attributable of 2.958 trln rupiah  marketscreener.com",https://news.google.com/rss/articles/24701b7311cc53266bb531e66a01e69d,
77,1158,legacy_hard_case,emiten_spesifik,BUMI,2026-06-10,negative,positive,0.9712,negative,"Asing di bursa net sell 3,22 miliar lembar, BUMI jadi top sell - IDNFinancials.com","Asing di bursa net sell 3,22 miliar lembar, BUMI jadi top sell  IDNFinancials.com",https://news.google.com/rss/articles/8b819511897d3537f6b2085b81331a0e,
816,879,legacy_hard_case,emiten_spesifik,BBRI,2026-05-26,neutral,positive,0.9708,neutral,"Saham BBRI Diperdagangkan Rp3.040 per Lembar Hari Ini Pasar Pantau Performa Finansial - pdiperjuanganbali.id","Saham BBRI Diperdagangkan Rp3.040 per Lembar Hari Ini Pasar Pantau Performa Finansial  pdiperjuanganbali.id",https://news.google.com/rss/articles/CBMiekFVX3lxTE1yRmZLNzdycHlEZlRfekxjdUpkQ09QMjZNTFdMcmJUNmp4ZV9pNFVCV09OZ01GWnEzeVltR0UxTzMyRWcyQWJlMzNsRnZHOG9faFZhU1duNEhuMDNpM2trWF9QZFNSRzNySzBTVF9aVTloX1M4aFYySmF3?oc=5,
510,1510,legacy_hard_case,emiten_spesifik,DEWA,2026-06-07,neutral,negative,0.9702,negative,"IHSG Sepekan Anjlok: Investor Asing Pilih Saham DEWA hingga TINS di Akhir Pekan - Sinar Harapan - Sinar Harapan","IHSG Sepekan Anjlok: Investor Asing Pilih Saham DEWA hingga TINS di Akhir Pekan - Sinar Harapan  Sinar Harapan",https://news.google.com/rss/articles/df0a35e5ece1951bce078961b1b9eb4e,
395,259,legacy_hard_case,emiten_spesifik,ASII,2026-04-22,positive,neutral,0.968,positive,"Astra Otoparts Bagikan Dividen Tunai Rp819 Miliar pada Mei 2026 - haloindonesia.co.id","Astra Otoparts Bagikan Dividen Tunai Rp819 Miliar pada Mei 2026  haloindonesia.co.id",https://news.google.com/rss/articles/CBMid0FVX3lxTE9uckt2SzI3aEdhRWhtYUJTRXhvZzNfcm81ZUFFWTNwRlV6NkZEMXBya19tOGZLeFBDTE9NekRCQlR2SzBKUUc3R1NrRmpIR3ppLTREZ01Ma1ZWUGt1RUMwWTladGpaYkRkM09SMGxEc2ExVlNNSU9B?oc=5,
441,627,legacy_hard_case,emiten_spesifik,BMRI,2026-05-10,positive,neutral,0.9669,neutral,"Bank Mandiri Sukses Gelar Livin' Galesong Trail Run 2026, Dorong Sport Tourism dan Ekonomi Lokal - Makassar Terkini","Bank Mandiri Sukses Gelar Livin' Galesong Trail Run 2026, Dorong Sport Tourism dan Ekonomi Lokal  Makassar Terkini",https://news.google.com/rss/articles/ee4574d4d1bb0a42109110f34e503b5d,
25,635,legacy_hard_case,emiten_spesifik,ASII,2026-05-11,positive,neutral,0.9655,neutral,"Mobil Astra Laku 143.365 Unit di April 2026, Model Ini Jadi Jagoan - InvestorTrust","Mobil Astra Laku 143.365 Unit di April 2026, Model Ini Jadi Jagoan  InvestorTrust",https://news.google.com/rss/articles/f127001c060e8fef58628e4677d60e71,
272,1269,legacy_hard_case,emiten_spesifik,ASII,2026-02-15,positive,neutral,0.9641,positive,"Astra Otoparts (AUTO) Ekspansi ke Filipina, Pameran AOP Jadi Ajang Inovasi - kontan.co.id","Astra Otoparts (AUTO) Ekspansi ke Filipina, Pameran AOP Jadi Ajang Inovasi  kontan.co.id",https://news.google.com/rss/articles/7cf53639bd5507570eb0524966035209,
968,324,legacy_hard_case,emiten_spesifik,BMRI,2026-04-30,positive,neutral,0.9632,positive,"Ditopang Fundamental Solid, RUPST Bank Mandiri Restui Dividen, Buyback, dan Penyegaran Pengurus, Bukti Kontribusi Untuk Negeri - Jawa Pos","Ditopang Fundamental Solid, RUPST Bank Mandiri Restui Dividen, Buyback, dan Penyegaran Pengurus, Bukti Kontribusi Untuk Negeri  Jawa Pos",https://news.google.com/rss/articles/b5f8f09a9f01869b7c0af27822a02ea3,
127,512,legacy_hard_case,multi_emiten_recommendation,UNVR,2026-04-25,positive,neutral,0.9602,positive,"Kinerja UNVR diproyeksi solid pada 2026, cermati rekomendasi analis - MSN","Kinerja UNVR diproyeksi solid pada 2026, cermati rekomendasi analis  MSN",https://news.google.com/rss/articles/dafede09485bf46ed5d2808040f1c74c,
259,932,legacy_hard_case,emiten_spesifik,BBCA,2026-05-21,negative,neutral,0.9602,positive,"BBCA Bonyok, Kalaupun Naik Paling Banter ke Sini - investor.id","BBCA Bonyok, Kalaupun Naik Paling Banter ke Sini  investor.id",https://news.google.com/rss/articles/CBMiiAFBVV95cUxNSXg1NnZqcWVLVFpNbzdzNFpubzl1MGwycWNMdmJ4OTRjam1iZHZmZ25lWFEzMVJwVjFiSjM1SGQ0MHlsUzBBTDEzZWxaa0prZE5hLS1Xc1hrVjRnR01KVGZZQkM1TVpWakxTQ3NaSmEwbnYwRHdJQjdqXy1OeHEwX1NLNjZzTmdW?oc=5,
361,1651,legacy_hard_case,emiten_spesifik,DEWA,2026-07-03,positive,neutral,0.9595,positive,"Tancap Gas Darma Henwa (DEWA), dari Buyback, Dividen Hingga IPO Gayo Mineral - Bisnis Indonesia Premium","Tancap Gas Darma Henwa (DEWA), dari Buyback, Dividen Hingga IPO Gayo Mineral  Bisnis Indonesia Premium",https://news.google.com/rss/articles/6458c658d330241d9211cb5503816a61,
916,1842,legacy_hard_case,emiten_spesifik,UNVR,2026-07-19,positive,neutral,0.9586,positive,"Cum date tiba, saham UNVR hari ini mengandung dividen Rp 11.400/lot - MSN","Cum date tiba, saham UNVR hari ini mengandung dividen Rp 11.400/lot  MSN",https://news.google.com/rss/articles/797a43642583f8252e40fd9d8036deff,
932,1784,legacy_hard_case,emiten_spesifik,DEWA,2026-06-29,positive,neutral,0.9542,positive,"Darma Henwa (DEWA) Bagikan Dividen Perdana dan Rombak Direksi - Bisnis.com - Market","Darma Henwa (DEWA) Bagikan Dividen Perdana dan Rombak Direksi  Bisnis.com - Market",https://news.google.com/rss/articles/04304a0887815d6e9ef89b4862897f66,
822,656,legacy_hard_case,emiten_spesifik,ICBP,2026-05-03,neutral,positive,0.9505,neutral,"ICBP Catat Penjualan Rp21,72 Triliun di Kuartal I 2026, Laba Bersih Terkoreksi 3% - Bareksa.com","ICBP Catat Penjualan Rp21,72 Triliun di Kuartal I 2026, Laba Bersih Terkoreksi 3%  Bareksa.com",https://news.google.com/rss/articles/73d62e6f6307a28750415254ba7acfec,
771,1413,legacy_hard_case,emiten_spesifik,BBRI,2026-06-05,neutral,negative,0.95,negative,"Saham BBCA dan BBRI Jatuh ke Level Terendah 5 Tahun, Saatnya Beli? - Kompas.com","Saham BBCA dan BBRI Jatuh ke Level Terendah 5 Tahun, Saatnya Beli?  Kompas.com",https://news.google.com/rss/articles/928f4f846db88c47ff9d0613729f3f89,
661,456,legacy_hard_case,emiten_spesifik,TLKM,2026-05-02,neutral,positive,0.9479,positive,"TLKM Mau Buyback Rp1 Triliun, Sinyal Kuat atau Ada yang Ditahan? - KabarBursa.com","TLKM Mau Buyback Rp1 Triliun, Sinyal Kuat atau Ada yang Ditahan?  KabarBursa.com",https://news.google.com/rss/articles/f8aeca89ef85bce449eed28251d6c504,
799,1121,legacy_hard_case,emiten_spesifik,GOTO,2026-05-12,negative,neutral,0.9474,positive,"Harga Anjlok ke Gocap, GOTO Minta Restu Buyback Rp3,5 Triliun - Emitennews.com","Harga Anjlok ke Gocap, GOTO Minta Restu Buyback Rp3,5 Triliun  Emitennews.com",https://news.google.com/rss/articles/a1913aae9dc760faf47e6196d5597661,
825,1549,legacy_hard_case,emiten_spesifik,BBRI,2026-06-30,negative,positive,0.9453,neutral,"IHSG Merosot Lagi ke 5.679, Saham Bank Jumbo BBCA, BMRI, BBRI Ikut Memerah","IHSG Merosot Lagi ke 5.679, Saham Bank Jumbo BBCA, BMRI, BBRI Ikut Memerah",https://katadata.co.id/finansial/bursa/6a435d832aa58/ihsg-merosot-lagi-ke-5679-saham-bank-jumbo-bbca-bmri-bbri-ikut-memerah,
17,975,legacy_hard_case,emiten_spesifik,ICBP,2026-05-29,positive,negative,0.9428,negative,"Indeks Bisnis-27 Melemah, Saham ICBP, TAPG, dan DEWA Justru Melaju Terbaru 2026 - Inikata.co.id","Indeks Bisnis-27 Melemah, Saham ICBP, TAPG, dan DEWA Justru Melaju Terbaru 2026  Inikata.co.id",https://news.google.com/rss/articles/440ec6bb5a900ae7e372300460bb0a67,
96,136,legacy_hard_case,emiten_spesifik,BMRI,2026-04-21,positive,neutral,0.9402,positive,"Laba Bersih Bank Mandiri Tumbuh 16,6 Persen pada Kuartal I-2026 - AsatuNews.co.id","Laba Bersih Bank Mandiri Tumbuh 16,6 Persen pada Kuartal I-2026  AsatuNews.co.id",https://news.google.com/rss/articles/CBMibEFVX3lxTE54TXdCMzlweHF0SDhWN2NuaHVYRklJRklLVWV0RmhNczhOZFdYTDRTalQxUkY0TzZtdHhMTVR6TUxQLW1YWndVMmZmUEFVeUQzZVNXX0M4RzFWM1NkeTVwaWl0T1EwVkhZRXVNUQ?oc=5,
972,429,legacy_hard_case,emiten_spesifik,BUMI,2026-04-27,positive,neutral,0.9344,positive,"Saham BUMI Akuisisi Loyal Metals, Ini yang Perlu Dicermati! - Ajaib","Saham BUMI Akuisisi Loyal Metals, Ini yang Perlu Dicermati!  Ajaib",https://news.google.com/rss/articles/CBMidkFVX3lxTFBGYzNyblh1My1KanVCbXlXekFBWjI3NW4xazhLei1WSXJGZE1PdW9BdTY4N2g0S21fVXB2c1FQTUZ2X05yMFhqbExRbnIza2UzbkdGR3dndlo4SW5OZUpHc01oNzZEdV8yM19uN3NJWHV1dlpOaXc?oc=5,
832,990,legacy_hard_case,emiten_spesifik,BUMI,2026-05-09,negative,positive,0.9296,neutral,"Saham BUMI Kembali ke Titik Awal - investor.id","Saham BUMI Kembali ke Titik Awal  investor.id",https://news.google.com/rss/articles/CBMidEFVX3lxTFBmVjBnU3d0Tzg4OHJlckc5RHNRdkxtcUhXbl9Xb1RCRjRDYjZrQ0k5MXRFSmtKX1ByYjlfNnhVdWRmY1RzMDcycXlpTWhaLURESkZ6S3A5dktiSU5xU0paS3NDQzM5YklmTkI3aDJySWNmSk5f?oc=5,
207,927,legacy_hard_case,macro,,2026-05-21,neutral,positive,0.9292,negative,"Purbaya Jelaskan Dampak BUMN Ekspor ke IHSG, Investor Dinilai Masih Takut","  Menteri Keuangan Purbaya Yudhi Sadewa menjelaskan penurunan IHSG akibat ketidakpastian pasar terkait BUMN ekspor baru.",https://finance.detik.com/bursa-dan-valas/d-8498186/purbaya-jelaskan-dampak-bumn-ekspor-ke-ihsg-investor-dinilai-masih-takut,
341,1168,legacy_hard_case,emiten_spesifik,BMRI,2026-06-07,positive,neutral,0.9275,neutral,"Hasilkan SDM Unggul, Ini Strategi Bank Mandiri (BMRI) - InvestorTrust","Hasilkan SDM Unggul, Ini Strategi Bank Mandiri (BMRI)  InvestorTrust",https://news.google.com/rss/articles/CBMijgFBVV95cUxNTE1mVzA0emlLX0stZXFLSE5UYTV0Qk9wREZvRE92MG9SWDhIR1RtQ0YyWHZybXpDTDd6bVFSV29VcmFQWkZ6aHVPc2xlZDNUTXNoYzZFSkdHWElTS2IxNV9LcjFrUlBwbzNtR3ZyLUxld0M3SjVMcFowUGdtY1NvYlpVbXdLckVOTVk5dGRn?oc=5,
956,758,legacy_hard_case,emiten_spesifik,GOTO,2026-05-19,positive,neutral,0.9269,positive,"Cetak Laba Perdana, GOTO Kandidat Special Award di The Best Investortrust Companies 2026 - InvestorTrust","Cetak Laba Perdana, GOTO Kandidat Special Award di The Best Investortrust Companies 2026  InvestorTrust",https://news.google.com/rss/articles/87644f8a24cc9793567eaf8230fbcb8a,
436,1504,legacy_hard_case,multi_emiten_recommendation,ADRO,2026-06-22,negative,neutral,0.9217,negative,"IHSG Rawan Koreksi Hari Ini (16/10), Cek Rekomendasi Saham ADRO, CMRY & PTRO - MSN","IHSG Rawan Koreksi Hari Ini (16/10), Cek Rekomendasi Saham ADRO, CMRY & PTRO  MSN",https://news.google.com/rss/articles/4602fcf8fa6b7d520d5b5f4a454935f6,
963,1816,legacy_hard_case,emiten_spesifik,ICBP,2026-05-04,positive,neutral,0.9193,positive,"Produsen Indomie (ICBP) Bukukan Laba Rp 2,57 T pada Kuartal I-2026 - CNBC Indonesia","Produsen Indomie (ICBP) Bukukan Laba Rp 2,57 T pada Kuartal I-2026  CNBC Indonesia",https://news.google.com/rss/articles/c1932ca036df31420db18798788a5d9f,
22,148,legacy_hard_case,emiten_spesifik,GOTO,2026-04-16,negative,neutral,0.9174,neutral,"Saham GOTO kok Masih Mentok di Gocapan? - investor.id","Saham GOTO kok Masih Mentok di Gocapan?  investor.id",https://news.google.com/rss/articles/CBMifEFVX3lxTE5sTzluWmZmSzJNV0FLekJZZllOQW1aOVlPbGJCOUp0VHN4V0xtZHhvcE05RGtIekVLNF9JY3FnYVFvdGQ3NDdydjRCVXdfTDM0c0phTWxKMzZmSVBuRWhVdUJzQ3Q4Nm0tY1lON00zZDJpakNQendCWG5HV3c?oc=5,
751,196,legacy_hard_case,emiten_spesifik,ASII,2025-08-22,neutral,positive,0.9158,positive,"Saham ASII Melesat Diborong Asing, Ini Katalis Baru Bisnis Astra Internasional","Bursa • 22 Agustus 2025, 18.18  Bursa • 22 Agustus 2025, 18.18 Harga saham PT Astra International Tbk (ASII) melesat 13% pada pekan ini, antara lain didorong oleh transaksi jual bersih atau net buy saham yang dilakukan investor asing mencapai Rp 578 miliar. Bursa • 22 Agustus 2025, 18.18 Harga saham...",https://katadata.co.id/finansial/bursa/68a91b771a675/saham-asii-melesat-diborong-asing-ini-katalis-baru-bisnis-astra-internasional,
969,619,legacy_hard_case,emiten_spesifik,BMRI,2026-04-30,positive,neutral,0.9123,positive,"Bank Mandiri (BMRI) Tebar Dividen Rp44,47 Triliun dan Siapkan Buyback Saham Jumbo! - Ajaib","Bank Mandiri (BMRI) Tebar Dividen Rp44,47 Triliun dan Siapkan Buyback Saham Jumbo!  Ajaib",https://news.google.com/rss/articles/7c3d90473c6b7e155b6502e2aef5c238,
838,1844,legacy_hard_case,emiten_spesifik,UNVR,2026-07-17,negative,positive,0.9116,positive,"IHSG Rebound, Tapi UNVR-AMRT Terburuk di LQ45 - Bloomberg Technoz","IHSG Rebound, Tapi UNVR-AMRT Terburuk di LQ45  Bloomberg Technoz",https://news.google.com/rss/articles/d5a111d00158f8fdc8734015d320e710,
839,1852,legacy_hard_case,emiten_spesifik,BBCA,2026-07-10,neutral,positive,0.9088,neutral,"Siap-siap BBCA ke Sini dalam Sekejap - investor.id","Siap-siap BBCA ke Sini dalam Sekejap  investor.id",https://news.google.com/rss/articles/CBMieEFVX3lxTFBYLXBvVzl2NzdJaEtiWUhPRHFlTEtNa0ZkR2pQVUloX0dYbVVyanp6ZXdIczBuZ3JoWFNYSzZhTlJKZGpZNHVRWWRiRTZpSnZRREhwRGpjcmpHeERkOHd4NFo3WFN6akVUZUZ6LURyTHlqTGVtR0kyNQ?oc=5,
840,1178,legacy_hard_case,emiten_spesifik,BBCA,2025-12-12,neutral,positive,0.9087,neutral,"BCA Kembali Menjadi Juara Umum Annual Report Award, Diikuti BCA Syariah pada Klaster Rp1 Triliun - BCA.co.id","BCA Kembali Menjadi Juara Umum Annual Report Award, Diikuti BCA Syariah pada Klaster Rp1 Triliun  BCA.co.id",https://news.google.com/rss/articles/d7d7c4917b5d7ab411eb609215b6f1e6,
512,786,legacy_hard_case,multi_emiten_recommendation,BBCA,2026-05-20,neutral,negative,0.9056,negative,"IHSG Masih Tertekan, Ini Rekomendasi Saham yang Menarik Buat Dilirik","  IHSG melemah 3,46% di level 6.370,68. SRAJ dan AMRT menguat, sementara BBCA dan DSSA mengalami penurunan signifikan. Rekomendasi saham untuk hari ini tersedia.",https://www.cnbcindonesia.com/market/20260520083751-17-736148/ihsg-masih-tertekan-ini-rekomendasi-saham-yang-menarik-buat-dilirik,
841,1580,legacy_hard_case,emiten_spesifik,BUMI,2026-06-30,neutral,positive,0.9049,neutral,"BUMI Jual 3,03% Saham Citra Palu Minerals ke BRMS Senilai USD 9,2 Juta - PintarSaham","BUMI Jual 3,03% Saham Citra Palu Minerals ke BRMS Senilai USD 9,2 Juta  PintarSaham",https://news.google.com/rss/articles/6ab5c402d74fc49e706b8570074da10e,
465,1030,legacy_hard_case,emiten_spesifik,BBRI,2026-06-12,neutral,positive,0.9004,positive,"BRI Siapkan Buyback Saham Rp500 Miliar, Tegaskan Fundamental dan Prospek Tetap Kuat","BRI mengumumkan buyback saham hingga Rp500 miliar sebagai bagian dari strategi meningkatkan nilai pemegang saham dan memperkuat kepercayaan pasar.",https://www.tribunnews.com/nasional/7841562/bri-siapkan-buyback-saham-rp500-miliar-tegaskan-fundamental-dan-prospek-tetap-kuat,
417,135,legacy_hard_case,emiten_spesifik,BMRI,2026-04-21,positive,neutral,0.899,positive,"Breaking News! Bank Mandiri (BMRI) Cetak Laba Rp 15,4 T di Q1-2026 - CNBC Indonesia","Breaking News! Bank Mandiri (BMRI) Cetak Laba Rp 15,4 T di Q1-2026  CNBC Indonesia",https://news.google.com/rss/articles/799bb0c3b6ff882e71fecd6bdce32063,
845,770,legacy_hard_case,emiten_spesifik,BBRI,2026-05-12,neutral,positive,0.8985,neutral,"Saham BBRI Diteropong, Muncul Ini - investor.id","Saham BBRI Diteropong, Muncul Ini  investor.id",https://news.google.com/rss/articles/CBMidEFVX3lxTE9QWUFnUUxRajNqNElzcW5yMmM5WHVudGlzUmNpQVdRLThDS2J1TU5RU25BbUF4NXFMcDdVQXpWd1Jya0oyS3RjUVFDMDM5Nk9JbmFrZTZMOVlBVkZWN0dRUUpUWFBCaGhhbGtFSFRpT2dKd21x?oc=5,
288,831,legacy_hard_case,emiten_spesifik,GOTO,2026-05-11,neutral,positive,0.8972,positive,"GoTo Akan Buy back Saham Rp 3,5 Triliun, Tujuan Ini Diungkap - InvestorTrust","GoTo Akan Buy back Saham Rp 3,5 Triliun, Tujuan Ini Diungkap  InvestorTrust",https://news.google.com/rss/articles/b10ca4db7f29944aa5ba795a357a4acb,
136,580,legacy_hard_case,emiten_spesifik,UNVR,2026-01-12,neutral,positive,0.8825,neutral,"Nilai 45 Persen Ekuitas: Alasan Unilever Indonesia Lepas SariWangi ke Grup Djarum Senilai Rp1,5 Triliun - Hallobisnis.com - Hallo Bisnis","Nilai 45 Persen Ekuitas: Alasan Unilever Indonesia Lepas SariWangi ke Grup Djarum Senilai Rp1,5 Triliun - Hallobisnis.com  Hallo Bisnis",https://news.google.com/rss/articles/88d36d9053e6691a5b3dcb91247a8124,
849,688,legacy_hard_case,emiten_spesifik,BBRI,2026-05-08,neutral,positive,0.8792,positive,"Lo Kheng Hong Kantongi Dividen Jumbo dari Saham BBRI, Nilainya Diperkirakan Tembus Rp26 Miliar! - Ajaib","Lo Kheng Hong Kantongi Dividen Jumbo dari Saham BBRI, Nilainya Diperkirakan Tembus Rp26 Miliar!  Ajaib",https://news.google.com/rss/articles/ebc15208912ce73c14ef29a464689854,
159,260,legacy_hard_case,multi_emiten_recommendation,BUMI,2026-04-22,neutral,positive,0.879,negative,"IHSG Masih Tertekan, Ini 5 Rekomendasi Saham yang Patut Dilirik","  IHSG ditutup melemah 0,46% di level 7.559,38. Investor asing mencatat net buy Rp243,21 miliar. Rekomendasi saham hari ini termasuk BWPT dan BUMI.",https://www.cnbcindonesia.com/market/20260422083126-17-728741/ihsg-masih-tertekan-ini-5-rekomendasi-saham-yang-patut-dilirik,
742,1159,legacy_hard_case,emiten_spesifik,BUMI,2026-06-09,positive,neutral,0.8756,positive,"Saham BUMI Berpotensi Menguat ke Level Resistance - Koran Manado","Saham BUMI Berpotensi Menguat ke Level Resistance  Koran Manado",https://news.google.com/rss/articles/CBMihgFBVV95cUxQcm53UHEza0t5OHM5ZWJvSFZ3YWRSOHF3My1Nb2R6Y1BaVDdHOExKQlhpcms4azFScnVXZzFLNVVpVHdhajZMZlRCUU1UOUZ0VnZVWC1iakFkOVBsSkdXTFZId1diVzktVFBGSE9va1NZc0FOZzRLODd3c3hzdmc4NnZiTGE0Zw?oc=5,
850,1574,legacy_hard_case,emiten_spesifik,BUMI,2026-06-30,neutral,positive,0.8677,neutral,"BUMI Lepas Kepemilikan Saham Citra Palu Mineral ke BMRS","  PT Bumi Resources Tbk (BUMI) divestasi 3,03% saham PT Citra Palu Mineral senilai US$ 9,06 juta. Langkah ini mendukung strategi diversifikasi perusahaan.",https://www.cnbcindonesia.com/market/20260630082803-17-746716/bumi-lepas-kepemilikan-saham-citra-palu-mineral-ke-bmrs,
851,516,legacy_hard_case,emiten_spesifik,GOTO,2026-04-23,negative,positive,0.866,positive,"Saham GOTO di Posisi Pertama Top Losers LQ45 saat IHSG Rekor, Yuk Intip Kinerjanya - MSN","Saham GOTO di Posisi Pertama Top Losers LQ45 saat IHSG Rekor, Yuk Intip Kinerjanya  MSN",https://news.google.com/rss/articles/974f5c9609eb2e2a94d0e0805d1132b9,
302,844,legacy_hard_case,emiten_spesifik,TLKM,2026-05-18,positive,neutral,0.8575,positive,"PT Telkom Indonesia Tbk Siapkan Rp1 Triliun Untuk Buyback Saham - Babel Insight","PT Telkom Indonesia Tbk Siapkan Rp1 Triliun Untuk Buyback Saham  Babel Insight",https://news.google.com/rss/articles/CBMieEFVX3lxTE90MTFIV3BZUW8wVFBBRVdLaFkwa3pOck8yc25lOW53ZWF3bExkOXc4TEs4MUs4dlJELW41R1pZRXhxNjRQeV9ZRWdGcTU0RWNXd1JDcE9zdy12XzVpVXRuWG1JSnNJSEt0a0FBWG1BTkNnLXExc3pJQQ?oc=5,
913,1815,legacy_hard_case,multi_emiten_recommendation,ADRO,2026-07-20,positive,neutral,0.8543,positive,"IHSG Berpeluang Menguat Terbatas Senin (20/7), Analis Rekomendasi Saham ADRO dan ITMG","IHSG Berpeluang Menguat Terbatas Senin (20/7), Analis Rekomendasi Saham ADRO dan ITMG",https://investasi.kontan.co.id/news/ihsg-berpeluang-menguat-terbatas-senin-207-analis-rekomendasi-saham-adro-dan-itmg,
120,817,legacy_hard_case,emiten_spesifik,TLKM,2026-05-17,neutral,positive,0.8519,neutral,"Siap-siap IHSG, Pantau juga Saham TLKM hingga GGRM - investor.id","Siap-siap IHSG, Pantau juga Saham TLKM hingga GGRM  investor.id",https://news.google.com/rss/articles/CBMiigFBVV95cUxObzdaRTlTS2N5UGp5U3dOMmEtaThvNVlLeFB1bGgyQWZpUW5yZkVYdWZBazRiOUdDa2pLZ3ZzLVRIX21xR21EYV9aSVlzYl9yaDBKRDVSc2hOSmRNcmRWMGs2ZW1UNkhqNWxZU1A4dmZOYlVEdjVBcldxcHV4ZWwzVTJiUGFwUzBuY2c?oc=5,
889,1892,legacy_hard_case,emiten_spesifik,DEWA,2023-08-29,neutral,positive,0.8517,neutral,"Darma Henwa Dirikan Anak Perusahaan di Bidang Konstruksi","Korporasi • 29 Agustus 2023, 09.43  Korporasi • 29 Agustus 2023, 09.43 PT Darma Henwa Tbk (DEWA) mendirikan anak perusahaan yaitu PT DH Konstruksindo. Anak usahanya berfokus dalam bidang konstruksi sipil tambang. Korporasi • 29 Agustus 2023, 09.43 PT Darma Henwa Tbk (DEWA) mendirikan anak perusahaan...",https://katadata.co.id/finansial/korporasi/64ed5b48c3762/darma-henwa-dirikan-anak-perusahaan-di-bidang-konstruksi,
