event_group_candidate_id,article_ids,target_entity,date_range,confidence,evidence,hard_constraint,notes
event_60386fc1c5cfc3da,1038|1156|13|213|333,,,high,duplicate_or_near_duplicate_group,true,derived without external model
event_e5cf056f0fb52b03,1356|14|1531|1653|747,,,high,duplicate_or_near_duplicate_group,true,derived without external model
event_eaa339db69abc3d7,1098|1179|15|1677|705,,,high,duplicate_or_near_duplicate_group,true,derived without external model
event_3863cc7e5a36a442,1225|1402|16|946|974,,,high,duplicate_or_near_duplicate_group,true,derived without external model
event_ab258c1607916a86,1110|17|1713|1856,,,high,duplicate_or_near_duplicate_group,true,derived without external model
event_f9b5569b4914d5a7,18|197|689|975,,,high,duplicate_or_near_duplicate_group,true,derived without external model
event_115de2ea1c617912,19|968,,,high,duplicate_or_near_duplicate_group,true,derived without external model
event_b2f670b30cfeaecb,1417|1843|20,,,high,duplicate_or_near_duplicate_group,true,derived without external model
event_0f87336099f7ca81,1145|1421|21|414,,,high,duplicate_or_near_duplicate_group,true,derived without external model
event_c561331d76f364a3,1187|1694|22|522,,,high,duplicate_or_near_duplicate_group,true,derived without external model
event_0af5fd3386e66241,185|215|23|341|405,,,high,duplicate_or_near_duplicate_group,true,derived without external model
event_ec63577887c47142,1251|1518|1595|24|536,,,high,duplicate_or_near_duplicate_group,true,derived without external model
event_546fc8d38e34194a,1190|1509|25|451|983,,,high,duplicate_or_near_duplicate_group,true,derived without external model
event_12085d7bf6d10c88,1410|26|37|787|803,,,high,duplicate_or_near_duplicate_group,true,derived without external model
event_fcafec35b6a0e700,1318|1577|27|596|988,,,high,duplicate_or_near_duplicate_group,true,derived without external model
event_d93c8be8240b0781,1004|1473|1795|28|752,,,high,duplicate_or_near_duplicate_group,true,derived without external model
event_7c4f67ac932ac336,1021|152|1858|267|29|462|499|612,,,high,duplicate_or_near_duplicate_group,true,derived without external model
event_b995dc12d3343cba,1122|1124|1553|1740|177|252|30|308|835,,,high,duplicate_or_near_duplicate_group,true,derived without external model
event_7cb60a91de007e0c,1170|165|31|450|58|839,,,high,duplicate_or_near_duplicate_group,true,derived without external model
event_a7ed20f74a7e1293,1054|1563|32|438,,,high,duplicate_or_near_duplicate_group,true,derived without external model
event_89c65c6e138b7ffe,1676|33|731,,,high,duplicate_or_near_duplicate_group,true,derived without external model
event_21714ef7262cb9e7,1491|1527|1788|34|730|962,,,high,duplicate_or_near_duplicate_group,true,derived without external model
event_85ec97e6accb3553,1433|35,,,high,duplicate_or_near_duplicate_group,true,derived without external model
event_46ccb7bc1346fb37,1086|283|36|447|906,,,high,duplicate_or_near_duplicate_group,true,derived without external model
event_710f3e75354b07d6,1245|1881|38|615,,,high,duplicate_or_near_duplicate_group,true,derived without external model
event_daf24a16bdef7305,1074|1525|1791|257|263|39|631|96,,,high,duplicate_or_near_duplicate_group,true,derived without external model
event_28c237c64ee825ee,1113|1866|40,,,high,duplicate_or_near_duplicate_group,true,derived without external model
event_ca2467857dd340ea,1308|41,,,high,duplicate_or_near_duplicate_group,true,derived without external model
event_340f3a066474eff0,1174|1882|210|42|871,,,high,duplicate_or_near_duplicate_group,true,derived without external model
event_4db3ba04d3172752,1445|1558|1605|167|1693|315|43|714,,,high,duplicate_or_near_duplicate_group,true,derived without external model
event_a4fa982f4347d1aa,1081|1188|1270|1899|44|64|98,,,high,duplicate_or_near_duplicate_group,true,derived without external model
event_a1a8ae1078cb3b20,1139|1623|335|45|607|93|97,,,high,duplicate_or_near_duplicate_group,true,derived without external model
event_7d82181d39f3cd0e,1721|276|46,,,high,duplicate_or_near_duplicate_group,true,derived without external model
event_d57897a82ae92230,1148|1738|1854|47|642|813|920,,,high,duplicate_or_near_duplicate_group,true,derived without external model
event_3f3363748eb56e12,1412|1768|48,,,high,duplicate_or_near_duplicate_group,true,derived without external model
event_9bec7640d99b8429,1066|49|611|796|958,,,high,duplicate_or_near_duplicate_group,true,derived without external model
event_98c6838ba68d0901,1167|1359|1672|1828|353|50|515|965,,,high,duplicate_or_near_duplicate_group,true,derived without external model
event_897e29ab2bd62f71,1471|51|571|684|758,,,high,duplicate_or_near_duplicate_group,true,derived without external model
event_79f2dd14343aa99a,1112|1293|1689|379|52,,,high,duplicate_or_near_duplicate_group,true,derived without external model
event_c474633daf8204c8,102|187|53|738|846,,,high,duplicate_or_near_duplicate_group,true,derived without external model
event_2d7e16452b749a0c,1604|1884|54,,,high,duplicate_or_near_duplicate_group,true,derived without external model
event_646c705fbc5ad648,1105|275|486|55,,,high,duplicate_or_near_duplicate_group,true,derived without external model
event_b0564921f9d4f562,1439|56|722,,,high,duplicate_or_near_duplicate_group,true,derived without external model
event_830f8629de207a27,1127|288|437|59,,,high,duplicate_or_near_duplicate_group,true,derived without external model
event_725c943dd150c0d5,1109|1565|1756|1851|345|586|60,,,high,duplicate_or_near_duplicate_group,true,derived without external model
event_f61c5e312df7f546,1780|61,,,high,duplicate_or_near_duplicate_group,true,derived without external model
event_4e5229bdb3b85ea8,1515|1837|62,,,high,duplicate_or_near_duplicate_group,true,derived without external model
event_199275ce588e3517,1536|1609|63|989,,,high,duplicate_or_near_duplicate_group,true,derived without external model
event_603974b377f9d995,1472|65|702,,,high,duplicate_or_near_duplicate_group,true,derived without external model
event_55752f4094e2778e,1483|66|926,,,high,duplicate_or_near_duplicate_group,true,derived without external model
event_71216c5b49822b2c,1584|1730|67,,,high,duplicate_or_near_duplicate_group,true,derived without external model
event_d88350c700f82e63,1295|1685|400|68|914,,,high,duplicate_or_near_duplicate_group,true,derived without external model
event_afabb7c7dcf4c7bf,1243|1266|1736|1747|69|73|799,,,high,duplicate_or_near_duplicate_group,true,derived without external model
event_e43843dd65c3f3ba,1630|1707|70,,,high,duplicate_or_near_duplicate_group,true,derived without external model
event_730bf906fc895978,1542|198|590|71,,,high,duplicate_or_near_duplicate_group,true,derived without external model
event_530e73cdb9dbfd26,1222|1714|1839|1860|72,,,high,duplicate_or_near_duplicate_group,true,derived without external model
event_8dacfc4d99a4f20e,74|83,,,high,duplicate_or_near_duplicate_group,true,derived without external model
event_871e25e94a38b6d0,1180|1352|331|75,,,high,duplicate_or_near_duplicate_group,true,derived without external model
event_032750c7fd24c471,119|1663|241|274|368|77|791|853,,,high,duplicate_or_near_duplicate_group,true,derived without external model
event_32fcc6b69e505fb4,1869|346|78|986,,,high,duplicate_or_near_duplicate_group,true,derived without external model
event_09c57932eaeb265f,1033|176|79,,,high,duplicate_or_near_duplicate_group,true,derived without external model
event_996462ba81e46557,205|80,,,high,duplicate_or_near_duplicate_group,true,derived without external model
event_492ca636563db7dc,1053|1186|1327|1699|392|398|516|733|746|81,,,high,duplicate_or_near_duplicate_group,true,derived without external model
event_04770c9431c12789,1496|1543|1686|179|640|82,,,high,duplicate_or_near_duplicate_group,true,derived without external model
event_e1223bb7d284543f,1548|1784|436|605|84,,,high,duplicate_or_near_duplicate_group,true,derived without external model
event_4dd9e1f3535249e4,1087|1461|1690|85,,,high,duplicate_or_near_duplicate_group,true,derived without external model
event_0150d5c1ce4d94c2,1844|429|86,,,high,duplicate_or_near_duplicate_group,true,derived without external model
event_c4cfd0db4873b1e5,1354|1799|1813|220|757|798|87|981,,,high,duplicate_or_near_duplicate_group,true,derived without external model
event_ce5b896c87daf80b,1378|1823|1880|268|88,,,high,duplicate_or_near_duplicate_group,true,derived without external model
event_6a59001411c26990,1084|1094|1178|1210|327|658|706|89,,,high,duplicate_or_near_duplicate_group,true,derived without external model
event_fdb3e9266dc7624a,1325|674|740|872|90,,,high,duplicate_or_near_duplicate_group,true,derived without external model
event_a0dea9c45fe24847,207|418|786|91|917,,,high,duplicate_or_near_duplicate_group,true,derived without external model
event_a2a048533fe194a5,1199|1763|92,,,high,duplicate_or_near_duplicate_group,true,derived without external model
event_6b9eb4070a9a484b,1237|94,,,high,duplicate_or_near_duplicate_group,true,derived without external model
event_0c54964484a5a334,1734|326|408|95,,,high,duplicate_or_near_duplicate_group,true,derived without external model
event_eacfecee62b56172,1040|1158|340|879|99,,,high,duplicate_or_near_duplicate_group,true,derived without external model
event_fa901c57ef889ca2,100|789|852,,,high,duplicate_or_near_duplicate_group,true,derived without external model
event_27a858ad58ab2ba2,101|1203|1247|309|511|732,,,high,duplicate_or_near_duplicate_group,true,derived without external model
event_e90e97fe9b159d53,103|107|1166|1745|226|395|628,,,high,duplicate_or_near_duplicate_group,true,derived without external model
event_527bcdbe38e641c2,104|1228|1435|469|503|877,,,high,duplicate_or_near_duplicate_group,true,derived without external model
event_b01d67bca4761089,105|1810|572|771|885,,,high,duplicate_or_near_duplicate_group,true,derived without external model
event_87d3bded4b70f51b,106|293|794|925,,,high,duplicate_or_near_duplicate_group,true,derived without external model
event_610921a2675b26b6,108|1279|1376|1596|1617|1815,,,high,duplicate_or_near_duplicate_group,true,derived without external model
event_99d3a20296f3f48d,109|485|601,,,high,duplicate_or_near_duplicate_group,true,derived without external model
event_72ea4acd4873bc27,110|1831|582,,,high,duplicate_or_near_duplicate_group,true,derived without external model
event_113611916dfc9422,111|155|552,,,high,duplicate_or_near_duplicate_group,true,derived without external model
event_b3a6e31c5a2f1efb,1075|112|1575|483,,,high,duplicate_or_near_duplicate_group,true,derived without external model
event_4315c767b4b96d39,113|1710|363|597|919,,,high,duplicate_or_near_duplicate_group,true,derived without external model
event_f69400a09f5f3a0a,114|1146|1326,,,high,duplicate_or_near_duplicate_group,true,derived without external model
event_9459510885f42b89,115|1484|1712|608|685,,,high,duplicate_or_near_duplicate_group,true,derived without external model
event_ec656e3a20e67c97,1044|116|1667|750,,,high,duplicate_or_near_duplicate_group,true,derived without external model
event_c6e675823f226fb2,117|1781,,,high,duplicate_or_near_duplicate_group,true,derived without external model
event_63d2f0b6e2bf7c65,118|1271|1729,,,high,duplicate_or_near_duplicate_group,true,derived without external model
event_6c3d725477e6f543,120|1467|174|456|478|564|718,,,high,duplicate_or_near_duplicate_group,true,derived without external model
event_8f9de4723ce6aa4d,1029|121|1256|1576|1706,,,high,duplicate_or_near_duplicate_group,true,derived without external model
event_52b4703c82ff3ef9,122|1644|173|1853|264,,,high,duplicate_or_near_duplicate_group,true,derived without external model
event_10e4a7c15a01b482,1151|123,,,high,duplicate_or_near_duplicate_group,true,derived without external model
event_b2bfcc754f9863c5,124|1338|1413|208|468,,,high,duplicate_or_near_duplicate_group,true,derived without external model
event_2310e1dd069a1da1,1010|1134|125|1528|1691|184|223|944,,,high,duplicate_or_near_duplicate_group,true,derived without external model
event_260c4e0b75a62d3b,126|305|467|472|527|782|818,,,high,duplicate_or_near_duplicate_group,true,derived without external model
event_61e3f217b4695036,127|1468|1479|1599|953,,,high,duplicate_or_near_duplicate_group,true,derived without external model
event_2ddb181a5115fa8c,128|387|583|636,,,high,duplicate_or_near_duplicate_group,true,derived without external model
event_7dab2f002968019e,129|491|908,,,high,duplicate_or_near_duplicate_group,true,derived without external model
event_2e23a7eb9c030d52,1032|130|1762|406|735,,,high,duplicate_or_near_duplicate_group,true,derived without external model
event_e12c693e3723e832,131|1592|375|972,,,high,duplicate_or_near_duplicate_group,true,derived without external model
event_7e5f8329eff18b9c,1296|132|638,,,high,duplicate_or_near_duplicate_group,true,derived without external model
event_24d33a0317580083,133|588,,,high,duplicate_or_near_duplicate_group,true,derived without external model
event_e0c3ac2ed3363a95,1104|134|1425|629,,,high,duplicate_or_near_duplicate_group,true,derived without external model
event_0b419604e27812df,1123|1144|135|1519|240|270|577,,,high,duplicate_or_near_duplicate_group,true,derived without external model
event_ce224739d9866682,1101|1207|136|1520|347,,,high,duplicate_or_near_duplicate_group,true,derived without external model
event_defdf3f77fe6e7a7,1233|1274|1364|137|181|488,,,high,duplicate_or_near_duplicate_group,true,derived without external model
event_79994737510e6b1a,1051|1249|138|319|448|575|670,,,high,duplicate_or_near_duplicate_group,true,derived without external model
event_33e70a85f1ad78d6,1181|139|555,,,high,duplicate_or_near_duplicate_group,true,derived without external model
event_ec62a6332893ad6b,1368|140|1812|329|544|682,,,high,duplicate_or_near_duplicate_group,true,derived without external model
event_b0dd7989715f69aa,141|1764|1833,,,high,duplicate_or_near_duplicate_group,true,derived without external model
event_0c461cd142bf06ea,1267|1392|142|655,,,high,duplicate_or_near_duplicate_group,true,derived without external model
event_b2fdf1e881953e7a,1428|143|356|816,,,high,duplicate_or_near_duplicate_group,true,derived without external model
event_14161b6f84a82050,144|1586|724,,,high,duplicate_or_near_duplicate_group,true,derived without external model
event_264946ae5ae8f4df,1206|145|1790|1861|1896|247,,,high,duplicate_or_near_duplicate_group,true,derived without external model
event_0343d92f07ea4b3d,1163|146|1463|508|520|882,,,high,duplicate_or_near_duplicate_group,true,derived without external model
event_1ddc30f0362d13fe,1366|147|1524|303|858,,,high,duplicate_or_near_duplicate_group,true,derived without external model
event_6fc6e09fbfb2b2fc,148|377|693,,,high,duplicate_or_near_duplicate_group,true,derived without external model
event_63cb3b0187cead15,1353|149|1642|1893|592|837|995,,,high,duplicate_or_near_duplicate_group,true,derived without external model
event_0ccfee59cfe4b628,151|1580|230|254,,,high,duplicate_or_near_duplicate_group,true,derived without external model
event_9f6f18d0341764e9,153|1761|832,,,high,duplicate_or_near_duplicate_group,true,derived without external model
event_21a693fd9484e66d,154|1883|760|784,,,high,duplicate_or_near_duplicate_group,true,derived without external model
event_5f8f660409114347,1498|156|242,,,high,duplicate_or_near_duplicate_group,true,derived without external model
event_15137efc4357e643,1001|157|1600,,,high,duplicate_or_near_duplicate_group,true,derived without external model
event_5462ffcb1e1e5373,1556|158|562|585|808,,,high,duplicate_or_near_duplicate_group,true,derived without external model
event_73fc81f74518b0d2,1503|159|1821|334|339|780|992,,,high,duplicate_or_near_duplicate_group,true,derived without external model
event_e3340536cd4b8322,1594|160|1847|399|811,,,high,duplicate_or_near_duplicate_group,true,derived without external model
event_0268307daec45ea1,161|1703|299|504|654,,,high,duplicate_or_near_duplicate_group,true,derived without external model
event_5ffff0b7c414bdff,1020|1457|162|417|594|996,,,high,duplicate_or_near_duplicate_group,true,derived without external model
event_2705a9e6fddf629b,1097|163|1715|647|886,,,high,duplicate_or_near_duplicate_group,true,derived without external model
event_f42742d614e8bc58,164|349|358,,,high,duplicate_or_near_duplicate_group,true,derived without external model
event_650d59b744d18c67,1160|1390|166|463,,,high,duplicate_or_near_duplicate_group,true,derived without external model
event_0d23945c98bfc088,1069|168|402|895|903,,,high,duplicate_or_near_duplicate_group,true,derived without external model
event_9318de95869b3b49,1332|169|224|382|822,,,high,duplicate_or_near_duplicate_group,true,derived without external model
event_ef4add04faa2c55d,1195|1254|1367|170|250|311|526|749|943,,,high,duplicate_or_near_duplicate_group,true,derived without external model
event_cfdbe7e3c5b14805,172|1876,,,high,duplicate_or_near_duplicate_group,true,derived without external model
event_579197ef282c1336,1443|175,,,high,duplicate_or_near_duplicate_group,true,derived without external model
event_45698f6f61ba4983,1770|178|934,,,high,duplicate_or_near_duplicate_group,true,derived without external model
event_85247858398f8d13,1276|180|343|759|815|817,,,high,duplicate_or_near_duplicate_group,true,derived without external model
event_e84dcadda9275d17,1213|182|673,,,high,duplicate_or_near_duplicate_group,true,derived without external model
event_58311555e5ebc18c,1272|1705|183|388|473,,,high,duplicate_or_near_duplicate_group,true,derived without external model
event_bcb77b854988fb05,1649|1825|186|623|769,,,high,duplicate_or_near_duplicate_group,true,derived without external model
event_b125ab6e569caf8d,1572|188|994,,,high,duplicate_or_near_duplicate_group,true,derived without external model
event_4c88d5d3c4cbf251,1434|189|294|510|833,,,high,duplicate_or_near_duplicate_group,true,derived without external model
event_60fc140ce29a7dd8,190|662|843,,,high,duplicate_or_near_duplicate_group,true,derived without external model
event_03f67c2d0255fe64,1275|191|573,,,high,duplicate_or_near_duplicate_group,true,derived without external model
event_4cd27c1a369e6dae,192|498|634|678|907,,,high,duplicate_or_near_duplicate_group,true,derived without external model
event_efb757ee26ae4b2b,1489|1619|193|539|873,,,high,duplicate_or_near_duplicate_group,true,derived without external model
event_a1b1e93b22285f78,1408|1420|1602|1822|1891|194|209|987,,,high,duplicate_or_near_duplicate_group,true,derived without external model
event_e390d406b2620c69,1328|195|492|540|900,,,high,duplicate_or_near_duplicate_group,true,derived without external model
event_717519642e773369,1031|1119|196,,,high,duplicate_or_near_duplicate_group,true,derived without external model
event_5be1582d0aa8e754,1578|1778|1802|199|297,,,high,duplicate_or_near_duplicate_group,true,derived without external model
event_b5b9a60aebece2f3,200|389|717,,,high,duplicate_or_near_duplicate_group,true,derived without external model
event_0c0744735636ba25,1177|1759|201|614|763|847,,,high,duplicate_or_near_duplicate_group,true,derived without external model
event_9a1e923dc3036b3c,1568|202|622|728|883,,,high,duplicate_or_near_duplicate_group,true,derived without external model
event_0a99ef7eb7ff1b43,203|261,,,high,duplicate_or_near_duplicate_group,true,derived without external model
event_b3544df2d85895a4,204|419|767|814,,,high,duplicate_or_near_duplicate_group,true,derived without external model
event_126b081e4be5161c,206|530|742,,,high,duplicate_or_near_duplicate_group,true,derived without external model
event_6abf4321f3b72650,1028|1323|1333|1852|211|627,,,high,duplicate_or_near_duplicate_group,true,derived without external model
event_de2dff8c3ca91609,1785|212,,,high,duplicate_or_near_duplicate_group,true,derived without external model
event_902ae5fa5f4bf853,1766|1892|216|435,,,high,duplicate_or_near_duplicate_group,true,derived without external model
event_2e50fcf0f2f3fdf9,1507|1660|217|371|560|734,,,high,duplicate_or_near_duplicate_group,true,derived without external model
event_323c1fedde6acc7d,218|312|460|888,,,high,duplicate_or_near_duplicate_group,true,derived without external model
event_6e32fe827bbfec81,219|321|721,,,high,duplicate_or_near_duplicate_group,true,derived without external model
event_1459212a1b5eff11,221|323,,,high,duplicate_or_near_duplicate_group,true,derived without external model
event_f2a799fbc41503ab,1859|222,,,high,duplicate_or_near_duplicate_group,true,derived without external model
event_37c8ef386cd3d238,1824|225|357,,,high,duplicate_or_near_duplicate_group,true,derived without external model
event_5e6f823429fb255a,1727|227|960,,,high,duplicate_or_near_duplicate_group,true,derived without external model
event_c060aaec6aa34dd8,1202|1360|228|285,,,high,duplicate_or_near_duplicate_group,true,derived without external model
event_d36bc87a7d0cf10f,1082|1523|1728|231,,,high,duplicate_or_near_duplicate_group,true,derived without external model
event_e18a57e840b47720,1406|232|479,,,high,duplicate_or_near_duplicate_group,true,derived without external model
event_c5bcafed50de34e8,1286|1453|233,,,high,duplicate_or_near_duplicate_group,true,derived without external model
event_f03a126269add0f1,1513|234,,,high,duplicate_or_near_duplicate_group,true,derived without external model
event_e171cbcb511b543a,1043|1135|1521|235|317|393|776,,,high,duplicate_or_near_duplicate_group,true,derived without external model
event_6dc28d4bbaa408ff,1041|1620|236|666|991,,,high,duplicate_or_near_duplicate_group,true,derived without external model
event_8cc6567e8164346a,1317|1591|237|543,,,high,duplicate_or_near_duplicate_group,true,derived without external model
event_64e2f92311428273,1108|238|737,,,high,duplicate_or_near_duplicate_group,true,derived without external model
event_68fc4d662cd0e86e,1103|1172|1341|1534|239|806,,,high,duplicate_or_near_duplicate_group,true,derived without external model
event_cc2bbc53ca065064,1342|1875|1889|243|442|470|637,,,high,duplicate_or_near_duplicate_group,true,derived without external model
event_d08f2718a89b6500,244|415|416,,,high,duplicate_or_near_duplicate_group,true,derived without external model
event_d0c669bd7d888720,1157|1427|1539|1697|1769|246|557|865,,,high,duplicate_or_near_duplicate_group,true,derived without external model
event_ed512e790e209431,1416|248|887,,,high,duplicate_or_near_duplicate_group,true,derived without external model
event_0bbffbfc766994d8,1143|1152|1793|249|284,,,high,duplicate_or_near_duplicate_group,true,derived without external model
event_b2b11513115b5373,251|465|494,,,high,duplicate_or_near_duplicate_group,true,derived without external model
event_2c5e8141fd00c52f,1107|1607|253,,,high,duplicate_or_near_duplicate_group,true,derived without external model
event_ae50e71460232b2c,1742|1867|255|765|773,,,high,duplicate_or_near_duplicate_group,true,derived without external model
event_9dda972bd32facb3,1306|1541|1782|1877|256,,,high,duplicate_or_near_duplicate_group,true,derived without external model
event_b57a62d7e79b9da8,1300|258|603,,,high,duplicate_or_near_duplicate_group,true,derived without external model
event_76c6d235a5f9d8e0,1071|259|260|367|945|985,,,high,duplicate_or_near_duplicate_group,true,derived without external model
event_5c555c5adf5c755d,1679|1702|262|547|621|741,,,high,duplicate_or_near_duplicate_group,true,derived without external model
event_411aa7c1ebf7ae2e,1857|265,,,high,duplicate_or_near_duplicate_group,true,derived without external model
event_a2d9bac9025ee01d,1794|1796|266,,,high,duplicate_or_near_duplicate_group,true,derived without external model
event_9d35a4de282e6ae5,269|383|766|941,,,high,duplicate_or_near_duplicate_group,true,derived without external model
event_5a7c85a29ec5f123,1116|271|404,,,high,duplicate_or_near_duplicate_group,true,derived without external model
event_07c37115d05d9b30,1164|273,,,high,duplicate_or_near_duplicate_group,true,derived without external model
event_f318872ccac13de2,277|459|553,,,high,duplicate_or_near_duplicate_group,true,derived without external model
event_6f06a3dc0853e21d,1252|1448|1760|1801|278,,,high,duplicate_or_near_duplicate_group,true,derived without external model
event_76bbd61b637bc20f,1374|1462|279,,,high,duplicate_or_near_duplicate_group,true,derived without external model
event_117076f5f1aaf788,1250|1562|280,,,high,duplicate_or_near_duplicate_group,true,derived without external model
event_1bdccb1941bf489b,1692|281|928,,,high,duplicate_or_near_duplicate_group,true,derived without external model
event_ff7db9b3ce055c70,1214|1683|282|412,,,high,duplicate_or_near_duplicate_group,true,derived without external model
event_448c0fb755441003,1212|1238|1708|286,,,high,duplicate_or_near_duplicate_group,true,derived without external model
event_3fefd3a5f7942b48,1659|1783|287|932,,,high,duplicate_or_near_duplicate_group,true,derived without external model
event_1cc42a1dd416a1f9,1263|289|366|927,,,high,duplicate_or_near_duplicate_group,true,derived without external model
event_9f79d44a8a4ad0bc,1009|1073|1131|1629|290|646|823|898,,,high,duplicate_or_near_duplicate_group,true,derived without external model
event_314d91dbb62bace6,1088|1709|291|587|641,,,high,duplicate_or_near_duplicate_group,true,derived without external model
event_c5a08ea37ba90827,1036|292|756,,,high,duplicate_or_near_duplicate_group,true,derived without external model
event_75034d3118935d2b,1414|295|529|599|836,,,high,duplicate_or_near_duplicate_group,true,derived without external model
event_551e6469d3a743c5,1302|1529|1807|296|337|514|939,,,high,duplicate_or_near_duplicate_group,true,derived without external model
event_c3ae6aad0bbfe45a,1348|298|458|639,,,high,duplicate_or_near_duplicate_group,true,derived without external model
event_2ac9c7e3e2482fe6,1120|301|386|457|664,,,high,duplicate_or_near_duplicate_group,true,derived without external model
event_3c259ba547a678a1,1537|302|517|838,,,high,duplicate_or_near_duplicate_group,true,derived without external model
event_ae1f229e5ab4324d,1687|304|466|774,,,high,duplicate_or_near_duplicate_group,true,derived without external model
event_8fc120d2ad43075e,1019|306|314|422|894,,,high,duplicate_or_near_duplicate_group,true,derived without external model
event_8990020ff9010bab,1002|307|781,,,high,duplicate_or_near_duplicate_group,true,derived without external model
event_d7e0ed1360e8fa38,1500|1641|310|880,,,high,duplicate_or_near_duplicate_group,true,derived without external model
event_c769f010fd4a9cca,1478|1776|313,,,high,duplicate_or_near_duplicate_group,true,derived without external model
event_bc47a4fa75b29405,1391|1719|1841|316|551|595,,,high,duplicate_or_near_duplicate_group,true,derived without external model
event_ce5ba47b688b9309,1603|318|719,,,high,duplicate_or_near_duplicate_group,true,derived without external model
event_74fc08b2f2be0857,320|613|834,,,high,duplicate_or_near_duplicate_group,true,derived without external model
event_07da1285dbd3d90c,1132|1590|322,,,high,duplicate_or_near_duplicate_group,true,derived without external model
event_704645dc0f23166a,1646|1817|324,,,high,duplicate_or_near_duplicate_group,true,derived without external model
event_3a20a1f953c4de0b,1035|1189|325|606|700|859,,,high,duplicate_or_near_duplicate_group,true,derived without external model
event_57254c58e3e49157,1419|1678|332|490|663,,,high,duplicate_or_near_duplicate_group,true,derived without external model
event_919e98e9a567d259,1056|1137|1816|336,,,high,duplicate_or_near_duplicate_group,true,derived without external model
event_713c588b2e87b5e8,1301|338,,,high,duplicate_or_near_duplicate_group,true,derived without external model
event_7a59f3c80e32f595,1375|1744|342|394,,,high,duplicate_or_near_duplicate_group,true,derived without external model
event_08e9dde5e619bf68,1393|344,,,high,duplicate_or_near_duplicate_group,true,derived without external model
event_f511e0cf1b6dea1a,1319|1579|348|762|802|819,,,high,duplicate_or_near_duplicate_group,true,derived without external model
event_9bae4cbdd45fa6a3,1516|350|525|855,,,high,duplicate_or_near_duplicate_group,true,derived without external model
event_a984b863442a147a,352|487|593|691,,,high,duplicate_or_near_duplicate_group,true,derived without external model
event_40c6357070096cbf,354|561|754,,,high,duplicate_or_near_duplicate_group,true,derived without external model
event_7a31908a761c97fb,1304|1549|355|644,,,high,duplicate_or_near_duplicate_group,true,derived without external model
event_fd5e9d9e6437d556,1057|1085|1437|359|444|464|959,,,high,duplicate_or_near_duplicate_group,true,derived without external model
event_e1b2b8eb459c4891,1273|1582|1661|1773|360|401,,,high,duplicate_or_near_duplicate_group,true,derived without external model
event_9b22b0efad0caee9,361|668|891|978,,,high,duplicate_or_near_duplicate_group,true,derived without external model
event_2a05fec3bf4f3dec,1372|362,,,high,duplicate_or_near_duplicate_group,true,derived without external model
event_4af7f9141f2b237d,1442|364|829|952,,,high,duplicate_or_near_duplicate_group,true,derived without external model
event_7acc8caee8760ca1,1346|365|609,,,high,duplicate_or_near_duplicate_group,true,derived without external model
event_6fd43faa212219e8,1141|1480|1849|370|849,,,high,duplicate_or_near_duplicate_group,true,derived without external model
event_ff41c0b2737bc917,1150|1215|1601|372,,,high,duplicate_or_near_duplicate_group,true,derived without external model
event_0e02a0711062b1c9,1059|1765|373|376,,,high,duplicate_or_near_duplicate_group,true,derived without external model
event_9e379f91663738c8,1205|374,,,high,duplicate_or_near_duplicate_group,true,derived without external model
event_f3e94b098ceae4b3,1126|1487|1696|378|896,,,high,duplicate_or_near_duplicate_group,true,derived without external model
event_b3e11272fab3b06f,1386|1387|380|481|863|930|970,,,high,duplicate_or_near_duplicate_group,true,derived without external model
event_1d5f7a078ff158d6,1118|1363|381,,,high,duplicate_or_near_duplicate_group,true,derived without external model
event_bf65b18e5ceb970b,1399|384|845|861|980,,,high,duplicate_or_near_duplicate_group,true,derived without external model
event_9e7fbac01e8ba9af,1688|1804|385,,,high,duplicate_or_near_duplicate_group,true,derived without external model
event_4e18575e8cd61a09,390|482,,,high,duplicate_or_near_duplicate_group,true,derived without external model
event_d133b11147afecb3,1634|391|524|940,,,high,duplicate_or_near_duplicate_group,true,derived without external model
event_b2b90531c97db247,1175|1329|1598|1826|1836|396|783,,,high,duplicate_or_near_duplicate_group,true,derived without external model
event_5ab35c5567216961,1204|1236|1845|397|484|938,,,high,duplicate_or_near_duplicate_group,true,derived without external model
event_4a53fb5d2c8e9da2,1155|1277|403|426|433|471,,,high,duplicate_or_near_duplicate_group,true,derived without external model
event_2ab8c7ed852264e9,407|736,,,high,duplicate_or_near_duplicate_group,true,derived without external model
event_dd76f53b66e8c942,409|493|826,,,high,duplicate_or_near_duplicate_group,true,derived without external model
event_99a293ae6bfb1c22,1285|410|556,,,high,duplicate_or_near_duplicate_group,true,derived without external model
event_6872ef1206e2971c,1842|411|653|931,,,high,duplicate_or_near_duplicate_group,true,derived without external model
event_349e883f357cc339,1200|1775|413|502|669,,,high,duplicate_or_near_duplicate_group,true,derived without external model
event_7be1764895708c9a,1347|1540|1717|420|687|690,,,high,duplicate_or_near_duplicate_group,true,derived without external model
event_d9555ec0a9c4d394,1078|1278|421|844,,,high,duplicate_or_near_duplicate_group,true,derived without external model
event_2c376f574a5cd344,1234|1452|423,,,high,duplicate_or_near_duplicate_group,true,derived without external model
event_18772b14827b742d,1492|1621|424|649,,,high,duplicate_or_near_duplicate_group,true,derived without external model
event_055106e3744a82eb,1608|425|523,,,high,duplicate_or_near_duplicate_group,true,derived without external model
event_6da3267f0d0a4bab,1136|1320|1436|1530|427|890,,,high,duplicate_or_near_duplicate_group,true,derived without external model
event_460e867570891358,1758|428,,,high,duplicate_or_near_duplicate_group,true,derived without external model
event_33320b6c81edd5e4,1013|1176|1470|430,,,high,duplicate_or_near_duplicate_group,true,derived without external model
event_fd82d2d6ecf04b6d,1185|1284|1681|1792|431,,,high,duplicate_or_near_duplicate_group,true,derived without external model
event_6185d541e960f049,1395|1767|432,,,high,duplicate_or_near_duplicate_group,true,derived without external model
event_762a662db9d28e59,1830|434|657|905|937,,,high,duplicate_or_near_duplicate_group,true,derived without external model
event_b0d4ab689fecc46c,439|604|618|659,,,high,duplicate_or_near_duplicate_group,true,derived without external model
event_6da9d26798664158,1307|1581|441,,,high,duplicate_or_near_duplicate_group,true,derived without external model
event_0cf78125900790d0,1555|1656|443,,,high,duplicate_or_near_duplicate_group,true,derived without external model
event_2b8f6eafea9c56f7,1037|1645|445|998,,,high,duplicate_or_near_duplicate_group,true,derived without external model
event_5795e70e04d2841b,1052|1090|446|617,,,high,duplicate_or_near_duplicate_group,true,derived without external model
event_588569d6c3430810,1058|449|650|778|892,,,high,duplicate_or_near_duplicate_group,true,derived without external model
event_ae665b98c125a7de,1005|1253|1890|452|574|661,,,high,duplicate_or_near_duplicate_group,true,derived without external model
event_14a86d3520b6ece9,1229|453,,,high,duplicate_or_near_duplicate_group,true,derived without external model
event_89f5b6a4d7bbc9d6,1198|1345|1502|454|567,,,high,duplicate_or_near_duplicate_group,true,derived without external model
event_f704b6d8325778c2,1067|1083|1588|461,,,high,duplicate_or_near_duplicate_group,true,derived without external model
event_bda341ddaa3f5899,1606|474|558|954,,,high,duplicate_or_near_duplicate_group,true,derived without external model
event_252cd45f54b111a2,1538|475|801|884,,,high,duplicate_or_near_duplicate_group,true,derived without external model
event_f019dd15f811fe03,1633|476|915,,,high,duplicate_or_near_duplicate_group,true,derived without external model
event_e7d77d992e1ecd37,1047|1140|1290|1330|477|537|563|910,,,high,duplicate_or_near_duplicate_group,true,derived without external model
event_526ab006017d85d7,1490|1564|480,,,high,duplicate_or_near_duplicate_group,true,derived without external model
event_cef9a8a420309369,1012|1757|489,,,high,duplicate_or_near_duplicate_group,true,derived without external model
event_25054f2ad4368d8d,495|713|899|967,,,high,duplicate_or_near_duplicate_group,true,derived without external model
event_6befcf8bb0273e91,1095|496,,,high,duplicate_or_near_duplicate_group,true,derived without external model
event_e64b81b487797543,1064|1486|1754|497,,,high,duplicate_or_near_duplicate_group,true,derived without external model
event_57aef8d4ad77986a,1080|1506|1593|500|549,,,high,duplicate_or_near_duplicate_group,true,derived without external model
event_40659d5bafaf7056,1006|1803|1865|505|579,,,high,duplicate_or_near_duplicate_group,true,derived without external model
event_aa77ba01ef7cd6b0,1161|1887|506,,,high,duplicate_or_near_duplicate_group,true,derived without external model
event_f0f5f9173142289b,1895|507|918,,,high,duplicate_or_near_duplicate_group,true,derived without external model
event_c176afe6721c58b7,1298|1423|1438|509,,,high,duplicate_or_near_duplicate_group,true,derived without external model
event_5f83e75cda0cc65f,1045|1091|512|708|897,,,high,duplicate_or_near_duplicate_group,true,derived without external model
event_ae7539e67c019d0c,1102|1379|513|793,,,high,duplicate_or_near_duplicate_group,true,derived without external model
event_aa0a6b2971f26b9b,1111|1257|1313|1385|518|651|961,,,high,duplicate_or_near_duplicate_group,true,derived without external model
event_b69b982aa1f3b67c,1072|1460|519,,,high,duplicate_or_near_duplicate_group,true,derived without external model
event_4075200ffe1110bc,1811|521,,,high,duplicate_or_near_duplicate_group,true,derived without external model
event_6b74b8f8c9a66404,528|692,,,high,duplicate_or_near_duplicate_group,true,derived without external model
event_7c770c1a0b305066,1819|1871|531|643,,,high,duplicate_or_near_duplicate_group,true,derived without external model
event_c383bb221be25f41,1648|1746|533,,,high,duplicate_or_near_duplicate_group,true,derived without external model
event_34784713715a7c24,1355|1403|1432|534,,,high,duplicate_or_near_duplicate_group,true,derived without external model
event_98b9a3a4a3c92fa8,1488|1647|538|695,,,high,duplicate_or_near_duplicate_group,true,derived without external model
event_3dd069ff77880071,1458|541,,,high,duplicate_or_near_duplicate_group,true,derived without external model
event_4fd0fb2c6d2c44b3,1063|542|751,,,high,duplicate_or_near_duplicate_group,true,derived without external model
event_8ea03137d55bcc0f,1248|545,,,high,duplicate_or_near_duplicate_group,true,derived without external model
event_bb464892b59df77c,1211|1422|546,,,high,duplicate_or_near_duplicate_group,true,derived without external model
event_bfdd1d329fa3495f,1099|1240|1350|1684|548,,,high,duplicate_or_near_duplicate_group,true,derived without external model
event_761e6afa8198916a,1217|1868|550,,,high,duplicate_or_near_duplicate_group,true,derived without external model
event_6dcbed6936f06a90,1223|1625|554|696,,,high,duplicate_or_near_duplicate_group,true,derived without external model
event_f75c65072bd3a8db,1079|1339|1797|559,,,high,duplicate_or_near_duplicate_group,true,derived without external model
event_883c68e15974d6fb,1299|1753|1864|1879|565|800,,,high,duplicate_or_near_duplicate_group,true,derived without external model
event_d90c85e3e1eca4ae,1171|1324|1474|1751|1771|566|584,,,high,duplicate_or_near_duplicate_group,true,derived without external model
event_6ca9e6571c0920e6,1048|1337|568|984,,,high,duplicate_or_near_duplicate_group,true,derived without external model
event_ed79ea6dafb3be61,1159|1878|569,,,high,duplicate_or_near_duplicate_group,true,derived without external model
event_0048a928e5e77564,1230|1357|1779|570|635|703|770,,,high,duplicate_or_near_duplicate_group,true,derived without external model
event_14eba5b470e43cfb,576|665|909,,,high,duplicate_or_near_duplicate_group,true,derived without external model
event_f9aab040ee1b192f,1322|1832|578|840,,,high,duplicate_or_near_duplicate_group,true,derived without external model
event_8b350bc83b55ceda,1046|1398|1635|580,,,high,duplicate_or_near_duplicate_group,true,derived without external model
event_efa6ec526faba4c6,1394|581|681|768,,,high,duplicate_or_near_duplicate_group,true,derived without external model
event_439a3b15f4bb5141,1070|1343|1495|589|726,,,high,duplicate_or_near_duplicate_group,true,derived without external model
event_5e9124f33b790636,1456|1587|1834|598,,,high,duplicate_or_near_duplicate_group,true,derived without external model
event_028f7e8751bdfdaf,600|686|902|904|997,,,high,duplicate_or_near_duplicate_group,true,derived without external model
event_3b565d8df006a27d,1315|1494|1731|1774|616,,,high,duplicate_or_near_duplicate_group,true,derived without external model
event_4d331b141db6123b,1003|1153|1358|1614|1711|619,,,high,duplicate_or_near_duplicate_group,true,derived without external model
event_b5f02ed3fc4d06d3,1411|1640|624,,,high,duplicate_or_near_duplicate_group,true,derived without external model
event_8ca3a5c288a9caa6,1241|625|739,,,high,duplicate_or_near_duplicate_group,true,derived without external model
event_26e3ff12d16fec82,1700|1789|626|862,,,high,duplicate_or_near_duplicate_group,true,derived without external model
event_d6022ed12d14f051,1184|632,,,high,duplicate_or_near_duplicate_group,true,derived without external model
event_a04878d360ea5f5c,1628|1637|633,,,high,duplicate_or_near_duplicate_group,true,derived without external model
event_bbf7856d3b65ac55,648|850,,,high,duplicate_or_near_duplicate_group,true,derived without external model
event_fe573b8f25f58b9e,1321|652,,,high,duplicate_or_near_duplicate_group,true,derived without external model
event_6cab5aa5499bb78c,1096|1510|1583|656|868,,,high,duplicate_or_near_duplicate_group,true,derived without external model
event_4b34be275fb0b825,1093|1260|1611|660|936,,,high,duplicate_or_near_duplicate_group,true,derived without external model
event_56e9546f66c45d33,1662|1718|671|966,,,high,duplicate_or_near_duplicate_group,true,derived without external model
event_05b2610812694e3f,1034|1570|675,,,high,duplicate_or_near_duplicate_group,true,derived without external model
event_3645c0b0a89aa240,1089|1618|677|860,,,high,duplicate_or_near_duplicate_group,true,derived without external model
event_2e30b43dafe8a8e5,1657|679,,,high,duplicate_or_near_duplicate_group,true,derived without external model
event_141ae499428afb94,683|807,,,high,duplicate_or_near_duplicate_group,true,derived without external model
event_a795e6eb1cad6676,1499|688|712,,,high,duplicate_or_near_duplicate_group,true,derived without external model
event_194683e01c30175d,1000|1227|1430|694,,,high,duplicate_or_near_duplicate_group,true,derived without external model
event_e0364b9b67e516d6,1216|1418|1561|697,,,high,duplicate_or_near_duplicate_group,true,derived without external model
event_ae87221246456fbb,1533|698,,,high,duplicate_or_near_duplicate_group,true,derived without external model
event_8b5548c9fe9597f3,1632|1651|1786|1835|701,,,high,duplicate_or_near_duplicate_group,true,derived without external model
event_c8b39c7b9d838c07,1106|1232|1262|1777|704,,,high,duplicate_or_near_duplicate_group,true,derived without external model
event_c92aa13e93c9971e,1569|709,,,high,duplicate_or_near_duplicate_group,true,derived without external model
event_756d287c5f0277b5,1030|1288|1664|710|990,,,high,duplicate_or_near_duplicate_group,true,derived without external model
event_ee04767642868611,711|935|964,,,high,duplicate_or_near_duplicate_group,true,derived without external model
event_431e294e835cfa55,1733|1787|716|949|993,,,high,duplicate_or_near_duplicate_group,true,derived without external model
event_39d920667ea2fbd2,1741|720,,,high,duplicate_or_near_duplicate_group,true,derived without external model
event_4c25f961823ba1f6,1133|1431|1665|723,,,high,duplicate_or_near_duplicate_group,true,derived without external model
event_ab3ee06fdc6b679c,1209|725,,,high,duplicate_or_near_duplicate_group,true,derived without external model
event_1d8ba8e378740d24,1061|1125|1643|729|870,,,high,duplicate_or_near_duplicate_group,true,derived without external model
event_09f3421e7d9c9b29,1017|743|973,,,high,duplicate_or_near_duplicate_group,true,derived without external model
event_8d665eb9c019466c,1400|1450|1723|1814|745|792,,,high,duplicate_or_near_duplicate_group,true,derived without external model
event_a80d4a24fdf80903,1369|748|831,,,high,duplicate_or_near_duplicate_group,true,derived without external model
event_d3ec7646f1998007,1547|1725|753|913,,,high,duplicate_or_near_duplicate_group,true,derived without external model
event_b7b79ad38c08049b,1121|1475|755|830,,,high,duplicate_or_near_duplicate_group,true,derived without external model
event_708c5629ed4962a6,1291|761,,,high,duplicate_or_near_duplicate_group,true,derived without external model
event_ac0ba714ce8ff88a,1808|772,,,high,duplicate_or_near_duplicate_group,true,derived without external model
event_3690508fdb57062f,1449|1545|1674|777|901,,,high,duplicate_or_near_duplicate_group,true,derived without external model
event_34d10b9635dc28ae,1380|779,,,high,duplicate_or_near_duplicate_group,true,derived without external model
event_b65a90eda5438b48,1615|1616|1772|1885|1898|785,,,high,duplicate_or_near_duplicate_group,true,derived without external model
event_71d3fd92b998d721,1039|1455|1550|788|869,,,high,duplicate_or_near_duplicate_group,true,derived without external model
event_ff4a92cb5dc14a37,797|976,,,high,duplicate_or_near_duplicate_group,true,derived without external model
event_e87b3e987a9051df,1855|804|805,,,high,duplicate_or_near_duplicate_group,true,derived without external model
event_b374d652a671a761,1838|810,,,high,duplicate_or_near_duplicate_group,true,derived without external model
event_6c7a6dcf15ec4f68,1658|812,,,high,duplicate_or_near_duplicate_group,true,derived without external model
event_624add01ee3d6c97,1142|1716|821,,,high,duplicate_or_near_duplicate_group,true,derived without external model
event_9139babae6f4fcdd,1235|824,,,high,duplicate_or_near_duplicate_group,true,derived without external model
event_8d6a46867845cf7a,1026|1169|1397|827,,,high,duplicate_or_near_duplicate_group,true,derived without external model
event_3943b0f2cf63b055,1497|828,,,high,duplicate_or_near_duplicate_group,true,derived without external model
event_f4d25b0e29cb13cd,1258|841,,,high,duplicate_or_near_duplicate_group,true,derived without external model
event_b65b6dfad6ba4fe2,1201|1280|1401|842|856,,,high,duplicate_or_near_duplicate_group,true,derived without external model
event_c23b2619921a8ee5,1128|1512|848,,,high,duplicate_or_near_duplicate_group,true,derived without external model
event_dc424849a98071a1,1068|1482|1612|851|969,,,high,duplicate_or_near_duplicate_group,true,derived without external model
event_cfaddcc23afe0eff,1055|1231|1532|854,,,high,duplicate_or_near_duplicate_group,true,derived without external model
event_dc74ca72d61b843c,1466|1585|1680|857,,,high,duplicate_or_near_duplicate_group,true,derived without external model
event_2e43c3c37c2a4251,1312|864,,,high,duplicate_or_near_duplicate_group,true,derived without external model
event_1381eab8a4087e0c,1371|1560|1673|1886|866,,,high,duplicate_or_near_duplicate_group,true,derived without external model
event_6251648be102a23a,1552|1720|867,,,high,duplicate_or_near_duplicate_group,true,derived without external model
event_3ddd2b9198f7a83e,1208|1303|875|924,,,high,duplicate_or_near_duplicate_group,true,derived without external model
event_eae43b7c312d874c,1076|1129|1196|1459|1493|1501|1870|878,,,high,duplicate_or_near_duplicate_group,true,derived without external model
event_31fa05be6ad41ed5,1701|881,,,high,duplicate_or_near_duplicate_group,true,derived without external model
event_f13cd67555f280ce,1014|1224|889,,,high,duplicate_or_near_duplicate_group,true,derived without external model
event_ce9c3db2d52477a3,911|977,,,high,duplicate_or_near_duplicate_group,true,derived without external model
event_a5d0968567d946c6,1409|1447|912,,,high,duplicate_or_near_duplicate_group,true,derived without external model
event_b55a03af9ca8ab7b,1800|916,,,high,duplicate_or_near_duplicate_group,true,derived without external model
event_92c166d3dc64d3fc,1100|921|933,,,high,duplicate_or_near_duplicate_group,true,derived without external model
event_ce91fac728f9599a,1062|1557|922,,,high,duplicate_or_near_duplicate_group,true,derived without external model
event_36bf69e41a07d578,1114|923,,,high,duplicate_or_near_duplicate_group,true,derived without external model
event_79f8d530e0abb820,1863|947,,,high,duplicate_or_near_duplicate_group,true,derived without external model
event_de8a4175af1a8fa6,1261|1331|1370|1809|948,,,high,duplicate_or_near_duplicate_group,true,derived without external model
event_cc6eaab9fd607832,1305|1424|1544|1806|950,,,high,duplicate_or_near_duplicate_group,true,derived without external model
event_31b03baf078d2f26,1297|1405|1451|1874|951,,,high,duplicate_or_near_duplicate_group,true,derived without external model
event_9d1a6f3349b4b595,1011|1818|956,,,high,duplicate_or_near_duplicate_group,true,derived without external model
event_4367a676b4abf371,1269|1454|957,,,high,duplicate_or_near_duplicate_group,true,derived without external model
event_6f45ca92164a683e,1023|1244|1282|1695|1840|963,,,high,duplicate_or_near_duplicate_group,true,derived without external model
event_1e7a124fbd549d69,1194|1469|1624|979,,,high,duplicate_or_near_duplicate_group,true,derived without external model
event_04d34381ab83e061,1173|1415|982,,,high,duplicate_or_near_duplicate_group,true,derived without external model
event_0e4b2e7bd3207cea,1183|999,,,high,duplicate_or_near_duplicate_group,true,derived without external model
event_16f6ef71102d83cf,1007|1388|1481,,,high,duplicate_or_near_duplicate_group,true,derived without external model
event_332fd64e58009480,1008|1737,,,high,duplicate_or_near_duplicate_group,true,derived without external model
event_fec3cdb0045bd7a1,1015|1384|1526|1567,,,high,duplicate_or_near_duplicate_group,true,derived without external model
event_75c5166ea7e311b0,1016|1404|1505,,,high,duplicate_or_near_duplicate_group,true,derived without external model
event_aba839c1544a5aa3,1022|1138|1752|1900,,,high,duplicate_or_near_duplicate_group,true,derived without external model
event_c5742775507f1cad,1024|1627|1798|1897,,,high,duplicate_or_near_duplicate_group,true,derived without external model
event_2475a245ff865d55,1025|1316|1383|1396,,,high,duplicate_or_near_duplicate_group,true,derived without external model
event_ed70e14822be93e6,1027|1165|1441,,,high,duplicate_or_near_duplicate_group,true,derived without external model
event_ac4a0405b803b0cd,1049|1748,,,high,duplicate_or_near_duplicate_group,true,derived without external model
event_96c3756de0e5fa5b,1050|1162,,,high,duplicate_or_near_duplicate_group,true,derived without external model
event_d110c40a2d6d61bc,1060|1077|1191|1362|1671,,,high,duplicate_or_near_duplicate_group,true,derived without external model
event_7bf376b6d95a5aa0,1065|1704,,,high,duplicate_or_near_duplicate_group,true,derived without external model
event_312ad147ce180c83,1092|1226,,,high,duplicate_or_near_duplicate_group,true,derived without external model
event_d7b0ae04a1e13a7f,1115|1888,,,high,duplicate_or_near_duplicate_group,true,derived without external model
event_ccdef0777b575a1c,1117|1218|1511|1724,,,high,duplicate_or_near_duplicate_group,true,derived without external model
event_ff2a845a387861e6,1130|1264|1381,,,high,duplicate_or_near_duplicate_group,true,derived without external model
event_917df5804b8a2ead,1147|1382|1444|1669,,,high,duplicate_or_near_duplicate_group,true,derived without external model
event_669c102cd6ae6b12,1149|1221|1755,,,high,duplicate_or_near_duplicate_group,true,derived without external model
event_590fb4cf30b32727,1168|1894,,,high,duplicate_or_near_duplicate_group,true,derived without external model
event_f61afb4c3b2b0ebf,1182|1476|1477|1655,,,high,duplicate_or_near_duplicate_group,true,derived without external model
event_0c5c092f4e0a11ee,1197|1287|1446,,,high,duplicate_or_near_duplicate_group,true,derived without external model
event_c5889e1d7dfae49c,1219|1268|1626|1848,,,high,duplicate_or_near_duplicate_group,true,derived without external model
event_943a6830ab07fcdc,1242|1485,,,high,duplicate_or_near_duplicate_group,true,derived without external model
event_47d02d991def932a,1246|1535,,,high,duplicate_or_near_duplicate_group,true,derived without external model
event_99fd0309d2aea788,1255|1735,,,high,duplicate_or_near_duplicate_group,true,derived without external model
event_09b4a526e05f6a31,1281|1566|1675,,,high,duplicate_or_near_duplicate_group,true,derived without external model
event_da0763f430f347e2,1283|1636,,,high,duplicate_or_near_duplicate_group,true,derived without external model
event_d3aa56e4bd105d71,1292|1464,,,high,duplicate_or_near_duplicate_group,true,derived without external model
event_e6581ac1a9ace54f,1294|1335|1365,,,high,duplicate_or_near_duplicate_group,true,derived without external model
event_22ec14eac8f2349c,1309|1334|1344,,,high,duplicate_or_near_duplicate_group,true,derived without external model
event_e92ac6a77eddf917,1311|1589|1739,,,high,duplicate_or_near_duplicate_group,true,derived without external model
event_335adff5c2093795,1336|1846,,,high,duplicate_or_near_duplicate_group,true,derived without external model
event_132321850098e580,1340|1597,,,high,duplicate_or_near_duplicate_group,true,derived without external model
event_52363157b9d87469,1349|1426,,,high,duplicate_or_near_duplicate_group,true,derived without external model
event_d739e84dae8ad94b,1361|1551,,,high,duplicate_or_near_duplicate_group,true,derived without external model
event_6423f0ff603e8376,1504|1682|1862,,,high,duplicate_or_near_duplicate_group,true,derived without external model
event_06a5eac8c9c4fbf4,1514|1872,,,high,duplicate_or_near_duplicate_group,true,derived without external model
event_4a02f5ef6c05ff72,1546|1639,,,high,duplicate_or_near_duplicate_group,true,derived without external model
event_8ccd59c9898f25a7,1613|1850,,,high,duplicate_or_near_duplicate_group,true,derived without external model
event_adfa95ba6c36f88a,1631|1654,,,high,duplicate_or_near_duplicate_group,true,derived without external model
event_3bb27767774ea406,1638|1722,,,high,duplicate_or_near_duplicate_group,true,derived without external model
event_e147dba8485db811,1650|1749,,,high,duplicate_or_near_duplicate_group,true,derived without external model
event_87125ae8016b7543,1652|1698|1750,,,high,duplicate_or_near_duplicate_group,true,derived without external model
event_dd43fd1e50ce2e46,1666|1827,,,high,duplicate_or_near_duplicate_group,true,derived without external model
event_34f8d2147eabd371,1668|1805,,,high,duplicate_or_near_duplicate_group,true,derived without external model
