previous_group_id,article_ids,target_entity_count,label_set,text_fingerprint_count,URL_count,root_cause,corrected_group_ids,remains_conflict,recommended_action,evidence
grp_60386fc1c5cfc3da,1038|1156|13|213|333,5,neutral|positive,5,5,same_text_different_entity_valid,class_3b0b542c46762126|class_5491e1cc77bb2404|class_b207bd1196d104ab|class_d8d29f2e8371fd9f|class_ee448fbef4b55447,false,use_corrected_v2_grouping,v2 DB grouping uses usable non-empty values and target entity
grp_e5cf056f0fb52b03,1356|14|1531|1653|747,5,neutral|positive,5,5,same_text_different_entity_valid,class_238c7557704bd7d6|class_58c1c01df1d989a2|class_5e3c2935d23a7eda|class_a9f3372472574613|class_ae20754bdcc567c0,false,use_corrected_v2_grouping,v2 DB grouping uses usable non-empty values and target entity
grp_eaa339db69abc3d7,1098|1179|15|1677|705,4,neutral|positive,5,5,same_text_different_entity_valid,class_3c5a96a2ee0a0650|class_7debda53fbc3b273|class_bc7eade6919fb9c8|class_c717eb747633ad25|class_e77ba63ac92b4390,false,use_corrected_v2_grouping,v2 DB grouping uses usable non-empty values and target entity
grp_3863cc7e5a36a442,1225|1402|16|946|974,4,neutral|positive,5,5,same_text_different_entity_valid,class_12783e5fb7dc418e|class_7406cf6f3c15ea92|class_8ba9501844b262bd|class_a4542bdc5465790a|class_f7865cf44d27a0f7,false,use_corrected_v2_grouping,v2 DB grouping uses usable non-empty values and target entity
grp_f9b5569b4914d5a7,18|197|689|975,4,negative|neutral|positive,4,4,same_text_different_entity_valid,class_182f18425f651df6|class_4d80fc7668a6d66a|class_92326e5bca0e6fa8|class_c963c1cca5315ae1,false,use_corrected_v2_grouping,v2 DB grouping uses usable non-empty values and target entity
grp_115de2ea1c617912,19|968,1,neutral|positive,2,2,transitive_overmerge,class_a8f6ceba11808907|class_d9f248e4b8490eaa,false,use_corrected_v2_grouping,v2 DB grouping uses usable non-empty values and target entity
grp_b2f670b30cfeaecb,1417|1843|20,3,neutral|positive,3,3,same_text_different_entity_valid,class_0d7bf07059abd412|class_45326f85d16e67e6|class_5889a748e45888d9,false,use_corrected_v2_grouping,v2 DB grouping uses usable non-empty values and target entity
grp_0f87336099f7ca81,1145|1421|21|414,4,negative|neutral|positive,4,4,same_text_different_entity_valid,class_80da8e781db01dbc|class_86045e28aebb4084|class_b0baa8a9959500e0|class_c79990e24f5afed0,false,use_corrected_v2_grouping,v2 DB grouping uses usable non-empty values and target entity
grp_c561331d76f364a3,1187|1694|22|522,4,neutral|positive,4,4,same_text_different_entity_valid,class_2ca7d3d82b6d36c0|class_61f756cd6d5ddf9f|class_78d286377b64d9de|class_e801e3ae2efe9c51,false,use_corrected_v2_grouping,v2 DB grouping uses usable non-empty values and target entity
grp_0af5fd3386e66241,185|215|23|341|405,3,neutral|positive,5,5,same_text_different_entity_valid,class_528f7390970f39b3|class_714a1f83490396c9|class_73a43a425c667ccd|class_d7d25f7fd925401a|class_ea874d36ca9dbe6b,false,use_corrected_v2_grouping,v2 DB grouping uses usable non-empty values and target entity
grp_7c4f67ac932ac336,1021|152|1858|267|29|462|499|612,4,neutral|positive,8,8,same_text_different_entity_valid,class_062d884fd6bb1484|class_11718c17e08f7098|class_21a1454357f41be9|class_38186c246d7c058b|class_3a0000c106803cc6|class_ab50cb9957fba4e7|class_e077a05789e343f6|class_f579da7757530dfa,false,use_corrected_v2_grouping,v2 DB grouping uses usable non-empty values and target entity
grp_b995dc12d3343cba,1122|1124|1553|1740|177|252|30|308|835,5,neutral|positive,9,9,same_text_different_entity_valid,class_4d630b93085548a5|class_691d7b6b1a50de11|class_82da1bed6dd12a2e|class_888468ba9ef9f189|class_ada01f1afbd14f76|class_b6694684a27cf2f7|class_c023eb34564fcc78|class_e6e8b66c7bc2d050|class_e8724a1a3cc8b753,false,use_corrected_v2_grouping,v2 DB grouping uses usable non-empty values and target entity
grp_85ec97e6accb3553,1433|35,2,neutral|positive,2,2,same_text_different_entity_valid,class_1a800fd6ba8dcf24|class_545c3455edbd255d,false,use_corrected_v2_grouping,v2 DB grouping uses usable non-empty values and target entity
grp_ca2467857dd340ea,1308|41,2,negative|neutral,2,2,same_text_different_entity_valid,class_da02e373f7cb13c7|class_f07396a57aaa25d9,false,use_corrected_v2_grouping,v2 DB grouping uses usable non-empty values and target entity
grp_4db3ba04d3172752,1445|1558|1605|167|1693|315|43|714,7,negative|neutral|positive,8,8,same_text_different_entity_valid,class_15d78a438e05cccb|class_24216c028ed2f1aa|class_6b525463c8e8045e|class_8d13c358af8fbe16|class_a65ea93b0e5579f9|class_aa2f99bddfd04eb9|class_ef9e368bce9e0ceb|class_f55cd16c33c03e8c,false,use_corrected_v2_grouping,v2 DB grouping uses usable non-empty values and target entity
grp_a1a8ae1078cb3b20,1139|1623|335|45|607|93|97,5,negative|neutral|positive,7,7,same_text_different_entity_valid,class_08df8c61e85e84b8|class_47119af501bc00b8|class_7b39111e80eac4dd|class_91170c4e274230b6|class_93d5cc7c96bf225e|class_b36c436d130f9147|class_c7609dfe1320be34,false,use_corrected_v2_grouping,v2 DB grouping uses usable non-empty values and target entity
grp_d57897a82ae92230,1148|1738|1854|47|642|813|920,5,negative|neutral,7,7,same_text_different_entity_valid,class_0d1a554998727eb4|class_4b68cf529f8ae6ed|class_4f2b8a6199ee3688|class_7174705ee5b8c579|class_7b68cd20a6c5b16a|class_ad0e8ec8b7de181a|class_bcb61a6db1828ff5,false,use_corrected_v2_grouping,v2 DB grouping uses usable non-empty values and target entity
grp_897e29ab2bd62f71,1471|51|571|684|758,4,neutral|positive,5,5,same_text_different_entity_valid,class_3ce0405807c06755|class_3ecca8a6dcfaec6b|class_c2f8d95e087552af|class_ce1ca12914054d24|class_df8c951a5d6f7d93,false,use_corrected_v2_grouping,v2 DB grouping uses usable non-empty values and target entity
grp_79f2dd14343aa99a,1112|1293|1689|379|52,5,neutral|positive,5,5,same_text_different_entity_valid,class_0d06d75e495ad648|class_459742ecea569e17|class_9e33840659fa9530|class_c7b00c0844032003|class_fb4307202e6cd203,false,use_corrected_v2_grouping,v2 DB grouping uses usable non-empty values and target entity
grp_830f8629de207a27,1127|288|437|59,2,neutral|positive,4,4,same_text_different_entity_valid,class_1c1b83f6ee4ce4a9|class_3994a53c8fb8feab|class_71d15226ccb7ec27|class_a70dd1e8c74133e9,false,use_corrected_v2_grouping,v2 DB grouping uses usable non-empty values and target entity
grp_d88350c700f82e63,1295|1685|400|68|914,3,negative|neutral,5,5,same_text_different_entity_valid,class_317d079f1eb62656|class_5ab0bc280221c3fa|class_7b0207a48a392579|class_961ab7e1be560474|class_ad8da4db19c3ad1c,false,use_corrected_v2_grouping,v2 DB grouping uses usable non-empty values and target entity
grp_afabb7c7dcf4c7bf,1243|1266|1736|1747|69|73|799,5,neutral|positive,7,7,same_text_different_entity_valid,class_03837f2887576a8c|class_5986abd36ed3cc4a|class_613fc09f8833f7c4|class_9350c4332665f2ef|class_976223659696bfb2|class_97a8eced604b3158|class_ea8f4924a913cd50,false,use_corrected_v2_grouping,v2 DB grouping uses usable non-empty values and target entity
grp_492ca636563db7dc,1053|1186|1327|1699|392|398|516|733|746|81,6,negative|neutral|positive,10,10,same_text_different_entity_valid,class_0f54ec64614e4349|class_0fdedf7a034455f1|class_26de9f41c4c90289|class_2dd93294841fa05b|class_3637a7d0f5cf574f|class_6d88f2d81c596707|class_9faeaeddbd2f7615|class_bc1e2676b3c34750|class_d54d8f3f9b2c4208|class_f9dcf62f1987f9eb,false,use_corrected_v2_grouping,v2 DB grouping uses usable non-empty values and target entity
grp_e1223bb7d284543f,1548|1784|436|605|84,3,neutral|positive,5,5,same_text_different_entity_valid,class_149f657681e67022|class_994eb3f6f5965742|class_d576ca3e7f6d3111|class_ddba6d11aeae1094|class_e36151733a8cd0c2,false,use_corrected_v2_grouping,v2 DB grouping uses usable non-empty values and target entity
grp_0150d5c1ce4d94c2,1844|429|86,3,negative|neutral|positive,3,3,same_text_different_entity_valid,class_328dc517243b63a0|class_4d84866d58fe3fac|class_61448cc3baab004e,false,use_corrected_v2_grouping,v2 DB grouping uses usable non-empty values and target entity
grp_c4cfd0db4873b1e5,1354|1799|1813|220|757|798|87|981,7,neutral|positive,8,8,same_text_different_entity_valid,class_20e470dcd610a699|class_29d5e538bda2867f|class_3d758f5448d284d5|class_6419f3e5c41e52ca|class_7d2cb02bfcce983d|class_8247f729663951df|class_a4bdfd54b9b82a76|class_f1fdc241f8e55b7a,false,use_corrected_v2_grouping,v2 DB grouping uses usable non-empty values and target entity
grp_ce5b896c87daf80b,1378|1823|1880|268|88,5,negative|neutral|positive,5,5,same_text_different_entity_valid,class_26552d13419c6f79|class_325716183f27a720|class_90d6e3fe64264423|class_99058cf87ba9e9f7|class_c02170d560852fd4,false,use_corrected_v2_grouping,v2 DB grouping uses usable non-empty values and target entity
grp_6a59001411c26990,1084|1094|1178|1210|327|658|706|89,5,negative|neutral|positive,8,8,same_text_different_entity_valid,class_125ce00124253b33|class_15a89597142f4133|class_5a6c43282d3aa1f0|class_9a4e8eacd743f4c2|class_9f3f293a784fc91a|class_a06763119b9aa51a|class_aa40612ba1aca28f|class_bee2be3e21e9b74d,false,use_corrected_v2_grouping,v2 DB grouping uses usable non-empty values and target entity
grp_a0dea9c45fe24847,207|418|786|91|917,3,neutral|positive,5,5,same_text_different_entity_valid,class_04ff428bb7864114|class_8975255f0ef148e8|class_a147d7aa0dfd0804|class_e9b166b0233762a7|class_f3158efe96bcea1b,false,use_corrected_v2_grouping,v2 DB grouping uses usable non-empty values and target entity
grp_6b9eb4070a9a484b,1237|94,2,neutral|positive,2,2,same_text_different_entity_valid,class_8dcf32abdafc67c1|class_f018590e13cc800c,false,use_corrected_v2_grouping,v2 DB grouping uses usable non-empty values and target entity
grp_0c54964484a5a334,1734|326|408|95,3,neutral|positive,4,4,same_text_different_entity_valid,class_48afbbd275719031|class_6d290c24aabf6da2|class_ca8fbeb89a5619de|class_dfcbf9c5e04e0e71,false,use_corrected_v2_grouping,v2 DB grouping uses usable non-empty values and target entity
grp_eacfecee62b56172,1040|1158|340|879|99,4,negative|neutral|positive,5,5,same_text_different_entity_valid,class_0630de4209e3ccc7|class_6c59cccb567d6e0e|class_7392c7157e48e574|class_e5e6cc8cffa9b43a|class_fd0150bd6d44b0cd,false,use_corrected_v2_grouping,v2 DB grouping uses usable non-empty values and target entity
grp_e90e97fe9b159d53,103|107|1166|1745|226|395|628,5,negative|neutral,6,7,same_text_different_entity_valid,class_2107efa06d90e3fc|class_451afa60116c609a|class_6e9b7eb2868a5d88|class_9ff5788865e52255|class_c9a606645f2e1662|class_e27443d0647f22b5,false,use_corrected_v2_grouping,v2 DB grouping uses usable non-empty values and target entity
grp_527bcdbe38e641c2,104|1228|1435|469|503|877,5,negative|neutral|positive,5,6,same_text_different_entity_valid,class_326c2f6bef2bdfb1|class_7f6ece72a23664e4|class_89bc041de64456cd|class_8a86d9c0678ed377|class_b3f28358ad3780cd,false,use_corrected_v2_grouping,v2 DB grouping uses usable non-empty values and target entity
grp_610921a2675b26b6,108|1279|1376|1596|1617|1815,5,neutral|positive,6,6,same_text_different_entity_valid,class_591bd534ea577dfd|class_89a79add599b45a1|class_909085877d36feaa|class_ae183ef96459e5e9|class_b559322b57f26128|class_fc9e1a8f8ceff757,false,use_corrected_v2_grouping,v2 DB grouping uses usable non-empty values and target entity
grp_99d3a20296f3f48d,109|485|601,3,neutral|positive,3,3,same_text_different_entity_valid,class_43fcefc83087d1c4|class_5a5f139aafb71d13|class_8511b166ff320619,false,use_corrected_v2_grouping,v2 DB grouping uses usable non-empty values and target entity
grp_113611916dfc9422,111|155|552,3,neutral|positive,3,3,same_text_different_entity_valid,class_883c6b973e7a5e19|class_b29079d5050737f0|class_bb0048a337d971d7,false,use_corrected_v2_grouping,v2 DB grouping uses usable non-empty values and target entity
grp_b3a6e31c5a2f1efb,1075|112|1575|483,3,neutral|positive,4,4,same_text_different_entity_valid,class_7bb83fb9a2350cb5|class_87b4c9e5145eed0f|class_8bb0b73aac0b69b6|class_e9a5f68f4f9fbbdd,false,use_corrected_v2_grouping,v2 DB grouping uses usable non-empty values and target entity
grp_4315c767b4b96d39,113|1710|363|597|919,3,neutral|positive,5,5,same_text_different_entity_valid,class_1d28ce40d6045b44|class_3f14b8ab8f89f471|class_739f92a12338614d|class_896eb2d8510b7026|class_fa966fbe87c428d4,false,use_corrected_v2_grouping,v2 DB grouping uses usable non-empty values and target entity
grp_f69400a09f5f3a0a,114|1146|1326,2,neutral|positive,2,3,same_text_different_entity_valid,class_d1d5458adecda892|class_ebb9ebc8920a5967,false,use_corrected_v2_grouping,v2 DB grouping uses usable non-empty values and target entity
grp_9459510885f42b89,115|1484|1712|608|685,5,neutral|positive,5,5,same_text_different_entity_valid,class_0781245de9b8dfbf|class_678fdbfddbb2aa31|class_bc4634374c8df3e0|class_c20566dcdb6fa31a|class_d76e4ceb86e3e818,false,use_corrected_v2_grouping,v2 DB grouping uses usable non-empty values and target entity
grp_ec656e3a20e67c97,1044|116|1667|750,4,neutral|positive,4,4,same_text_different_entity_valid,class_0481487c36531e7b|class_174a42d7fe2ddf84|class_265a4c5d1c709263|class_f0bc03189d325c5e,false,use_corrected_v2_grouping,v2 DB grouping uses usable non-empty values and target entity
grp_63d2f0b6e2bf7c65,118|1271|1729,3,negative|neutral,3,3,same_text_different_entity_valid,class_70d57da0f659e9e5|class_adac7089c484b2a0|class_d6459d957056e79f,false,use_corrected_v2_grouping,v2 DB grouping uses usable non-empty values and target entity
grp_6c3d725477e6f543,120|1467|174|456|478|564|718,6,neutral|positive,6,7,same_text_different_entity_valid,class_1849c292786f1005|class_5b9f0c845924a9a0|class_818927061f90233d|class_8b40c0e7f2b9d974|class_bbe5672ea6e179a4|class_d7346d1c0699d698,false,use_corrected_v2_grouping,v2 DB grouping uses usable non-empty values and target entity
grp_8f9de4723ce6aa4d,1029|121|1256|1576|1706,5,neutral|positive,5,5,same_text_different_entity_valid,class_1dc853c505492055|class_267aa36c085d9801|class_3ad9b05f877d5824|class_4fe764ec9d6bf5b5|class_6c106da63ee2f8f0,false,use_corrected_v2_grouping,v2 DB grouping uses usable non-empty values and target entity
grp_b2bfcc754f9863c5,124|1338|1413|208|468,5,neutral|positive,5,5,same_text_different_entity_valid,class_54751e692289a6de|class_842aeca6fade14b2|class_b77b13e4416d59c3|class_bb0fc8617c14dd59|class_f675383faa81d61d,false,use_corrected_v2_grouping,v2 DB grouping uses usable non-empty values and target entity
grp_2310e1dd069a1da1,1010|1134|125|1528|1691|184|223|944,5,negative|neutral|positive,6,8,same_text_same_entity_true_conflict,class_3eb8e4539eb2b1f5|class_757b655a55f00278|class_98a7cd4e8db5247e|class_cb7811d2eddeed05|class_e2266e7b4c823016|class_e95efc75a50dc5dc,true,human_review,v2 DB grouping uses usable non-empty values and target entity
grp_260c4e0b75a62d3b,126|305|467|472|527|782|818,4,neutral|positive,6,7,same_text_different_entity_valid,class_368911d87e5b6399|class_922dd80e1ef8a204|class_ad715218859f578f|class_b8eab666fb209d17|class_bad84bd6b9b52554|class_d01de904f4448210,false,use_corrected_v2_grouping,v2 DB grouping uses usable non-empty values and target entity
grp_61e3f217b4695036,127|1468|1479|1599|953,5,neutral|positive,5,5,same_text_different_entity_valid,class_07eb98659ee2111f|class_2f5a3f14eb90fa0e|class_ab3cc7fffe447b09|class_c9d6e538cf93d036|class_e231b541d6d21140,false,use_corrected_v2_grouping,v2 DB grouping uses usable non-empty values and target entity
grp_2ddb181a5115fa8c,128|387|583|636,3,neutral|positive,4,4,same_text_different_entity_valid,class_0b28441c72c752cb|class_cb2021ee1f554294|class_dd194fa3c03a10d7|class_f4340e48b1f3fa9d,false,use_corrected_v2_grouping,v2 DB grouping uses usable non-empty values and target entity
grp_7dab2f002968019e,129|491|908,3,negative|neutral|positive,3,3,same_text_different_entity_valid,class_254b9782fd20d745|class_3d438643da2834fd|class_ddd4f781c9c68084,false,use_corrected_v2_grouping,v2 DB grouping uses usable non-empty values and target entity
grp_e12c693e3723e832,131|1592|375|972,4,neutral|positive,4,4,same_text_different_entity_valid,class_296311daa3db6313|class_b619298fd3342dcb|class_ecee34c8dfd7caa9|class_f1f97cf4a79f2fa0,false,use_corrected_v2_grouping,v2 DB grouping uses usable non-empty values and target entity
grp_24d33a0317580083,133|588,2,neutral|positive,2,2,same_text_different_entity_valid,class_32d082298891325a|class_e149618614d52ec7,false,use_corrected_v2_grouping,v2 DB grouping uses usable non-empty values and target entity
grp_e0c3ac2ed3363a95,1104|134|1425|629,3,negative|neutral,4,4,same_text_different_entity_valid,class_3a69f235cc453a4a|class_79ec9da350961ffb|class_b4e5998f469792cf|class_da523d812b8f8ed6,false,use_corrected_v2_grouping,v2 DB grouping uses usable non-empty values and target entity
grp_0b419604e27812df,1123|1144|135|1519|240|270|577,5,negative|neutral|positive,7,7,same_text_different_entity_valid,class_354622c8beedeaa8|class_53ec1ff22b197ad8|class_84089d7d32456572|class_9b6d7d31b5853ffd|class_c01c936ccd65e5d7|class_f352948d40b77fd2|class_f82d7d06001bab57,false,use_corrected_v2_grouping,v2 DB grouping uses usable non-empty values and target entity
grp_ce224739d9866682,1101|1207|136|1520|347,4,neutral|positive,5,5,same_text_different_entity_valid,class_76d02ef033be7532|class_9cc43cdeede12b86|class_bfce442b454e8e43|class_c378d2e551aa5d41|class_daa55c0ce621733d,false,use_corrected_v2_grouping,v2 DB grouping uses usable non-empty values and target entity
grp_defdf3f77fe6e7a7,1233|1274|1364|137|181|488,4,negative|neutral|positive,6,6,same_text_different_entity_valid,class_0ca003c7ede45e18|class_3e8425158cb8aba6|class_3fabd67fe44d54d6|class_61337fa3778467dd|class_85d46f99d6085e64|class_8f08231ef010e2ea,false,use_corrected_v2_grouping,v2 DB grouping uses usable non-empty values and target entity
grp_79994737510e6b1a,1051|1249|138|319|448|575|670,5,negative|neutral|positive,7,7,same_text_different_entity_valid,class_37889d6be923f601|class_4ce76f223cdb0540|class_684d7b9cf60ef8d5|class_b3d021edc5f7cf7e|class_baeb142a7a6a17b9|class_c6563cafdca11830|class_dabac8ef9bdb417e,false,use_corrected_v2_grouping,v2 DB grouping uses usable non-empty values and target entity
grp_33e70a85f1ad78d6,1181|139|555,3,neutral|positive,3,3,same_text_different_entity_valid,class_26559490acfd2d36|class_3cdf791bf4c25412|class_d26aa718ae3b0b7f,false,use_corrected_v2_grouping,v2 DB grouping uses usable non-empty values and target entity
grp_ec62a6332893ad6b,1368|140|1812|329|544|682,5,negative|neutral,6,6,same_text_different_entity_valid,class_00bf7068ddd7421f|class_02d12ec731b35333|class_4e765cea9f74b4db|class_68626f400aee2d9f|class_a7f0233401fcc961|class_e5ae4889a4bc7791,false,use_corrected_v2_grouping,v2 DB grouping uses usable non-empty values and target entity
grp_0c461cd142bf06ea,1267|1392|142|655,4,neutral|positive,4,4,same_text_different_entity_valid,class_4bb82383610b6635|class_8a1f3e102e9323d2|class_b8030de2f980065e|class_d944ee0008943c60,false,use_corrected_v2_grouping,v2 DB grouping uses usable non-empty values and target entity
grp_b2fdf1e881953e7a,1428|143|356|816,4,neutral|positive,4,4,same_text_different_entity_valid,class_37bc04a87cc7530b|class_84557ce37dd56028|class_8d7e2acbcbff097d|class_e40e1bf63b68acd1,false,use_corrected_v2_grouping,v2 DB grouping uses usable non-empty values and target entity
grp_14161b6f84a82050,144|1586|724,2,neutral|positive,3,3,same_text_different_entity_valid,class_0fd8c1a72babf30a|class_901ab7d339583da3|class_b42def72a46762f5,false,use_corrected_v2_grouping,v2 DB grouping uses usable non-empty values and target entity
grp_264946ae5ae8f4df,1206|145|1790|1861|1896|247,4,neutral|positive,6,6,same_text_different_entity_valid,class_2f1e73e59c6aa7fb|class_88acd80941561ee3|class_93fb4b81a9b2b223|class_96d740a91fb5bda8|class_d8324087f6bab5e9|class_dc3c4a2d6f3b3545,false,use_corrected_v2_grouping,v2 DB grouping uses usable non-empty values and target entity
grp_0343d92f07ea4b3d,1163|146|1463|508|520|882,6,negative|neutral|positive,6,6,same_text_different_entity_valid,class_0359a1f0ed1e0de2|class_513b64519667e251|class_9019a7518315031a|class_a35bf92748b896f4|class_a7f4f1feb4ef429b|class_c4cc9eeb8aebd2ed,false,use_corrected_v2_grouping,v2 DB grouping uses usable non-empty values and target entity
grp_1ddc30f0362d13fe,1366|147|1524|303|858,4,neutral|positive,5,5,same_text_different_entity_valid,class_267dad2501803dc4|class_5367fb2a40c19d42|class_8ae140a6e30590bf|class_dba36cb619774b35|class_de7da99bd2674b2e,false,use_corrected_v2_grouping,v2 DB grouping uses usable non-empty values and target entity
grp_6fc6e09fbfb2b2fc,148|377|693,3,negative|neutral|positive,3,3,same_text_different_entity_valid,class_8ab5d90a2876fd6b|class_ee40e46b974137df|class_f1b311c0c2147987,false,use_corrected_v2_grouping,v2 DB grouping uses usable non-empty values and target entity
grp_63cb3b0187cead15,1353|149|1642|1893|592|837|995,5,negative|positive,7,7,same_text_different_entity_valid,class_24e1c0ac38649bf5|class_2f48d45b0dc4cf67|class_347517a6bad5c57d|class_3ed1f89330c701ed|class_431265085644a2cb|class_86a47af17fcfded9|class_9f45be743290b243,false,use_corrected_v2_grouping,v2 DB grouping uses usable non-empty values and target entity
grp_0ccfee59cfe4b628,151|1580|230|254,4,negative|neutral|positive,4,4,same_text_different_entity_valid,class_1162b5f4718061ec|class_678ac0bd86d22246|class_8c2597b192a314a6|class_fb2945aa7d657a5c,false,use_corrected_v2_grouping,v2 DB grouping uses usable non-empty values and target entity
grp_5462ffcb1e1e5373,1556|158|562|585|808,4,neutral|positive,4,5,same_text_different_entity_valid,class_21a22e404dcb8bd0|class_d1740154e63dc9cc|class_d64b72e6eb051f22|class_da8f1c348cfd6aca,false,use_corrected_v2_grouping,v2 DB grouping uses usable non-empty values and target entity
grp_73fc81f74518b0d2,1503|159|1821|334|339|780|992,5,neutral|positive,7,7,same_text_different_entity_valid,class_5027a173850f397c|class_5d081453f7353b13|class_787527a026007b03|class_b0baf4552235fc1d|class_c35c2341943f5596|class_c3b53d54e62462b5|class_c56364a5f7b71a8e,false,use_corrected_v2_grouping,v2 DB grouping uses usable non-empty values and target entity
grp_e3340536cd4b8322,1594|160|1847|399|811,5,neutral|positive,5,5,same_text_different_entity_valid,class_34f2a271390e1716|class_6e39466c480d5213|class_90d6910c168940dd|class_927a1763804899db|class_d87ffd22aae3b269,false,use_corrected_v2_grouping,v2 DB grouping uses usable non-empty values and target entity
grp_0268307daec45ea1,161|1703|299|504|654,3,negative|neutral|positive,4,5,same_text_different_entity_valid,class_0160585df06e5c7f|class_1e38a0693d4fb57c|class_5510cb3d3c51e2dd|class_b229365a1f4b4e61,false,use_corrected_v2_grouping,v2 DB grouping uses usable non-empty values and target entity
grp_5ffff0b7c414bdff,1020|1457|162|417|594|996,6,negative|neutral|positive,6,6,same_text_different_entity_valid,class_158cdcf5b20d82d0|class_293ebe44ea314efd|class_506c1e13585e8551|class_63987dfc7586896a|class_abbf339270b99c7b|class_f9f72738a22fc733,false,use_corrected_v2_grouping,v2 DB grouping uses usable non-empty values and target entity
grp_2705a9e6fddf629b,1097|163|1715|647|886,4,neutral|positive,5,5,same_text_different_entity_valid,class_14fbed0347fd5698|class_22e7c327fdda0e3d|class_9a9e5949327a1d81|class_9ef15947135d160b|class_ac2f60d43da0b8f4,false,use_corrected_v2_grouping,v2 DB grouping uses usable non-empty values and target entity
grp_f42742d614e8bc58,164|349|358,3,neutral|positive,3,3,same_text_different_entity_valid,class_5f5829f05eb52514|class_99837b6e7463b743|class_b88e6206cc5274dc,false,use_corrected_v2_grouping,v2 DB grouping uses usable non-empty values and target entity
grp_0d23945c98bfc088,1069|168|402|895|903,4,neutral|positive,4,5,same_text_different_entity_valid,class_1eb77510ff7c5744|class_6a3150cb6822ff9d|class_8604c95f4617594e|class_983ad6ef1e1577c1,false,use_corrected_v2_grouping,v2 DB grouping uses usable non-empty values and target entity
grp_9318de95869b3b49,1332|169|224|382|822,4,negative|neutral|positive,5,5,same_text_different_entity_valid,class_171a04fdc4cb3a3e|class_5cddacca43915772|class_9f269823eda9e07d|class_b476d35a9d48fc94|class_f310f2c827320f9a,false,use_corrected_v2_grouping,v2 DB grouping uses usable non-empty values and target entity
grp_ef4add04faa2c55d,1195|1254|1367|170|250|311|526|749|943,6,negative|neutral|positive,9,9,same_text_different_entity_valid,class_0eb70a839d17e931|class_319b4cd9f073ebc6|class_35200a6ba188036b|class_506deb2625f1ea09|class_73448e0bdd8edaed|class_7c22e5eb597b6239|class_a6e3b79f8d0c9dc4|class_b8635fbfc7a8343a|class_d28edfd0e6b42b1a,false,use_corrected_v2_grouping,v2 DB grouping uses usable non-empty values and target entity
grp_85247858398f8d13,1276|180|343|759|815|817,4,neutral|positive,6,6,same_text_different_entity_valid,class_0b0fbbfffc2da784|class_394e9e4e1ec96c1b|class_5a80c9537c011fc4|class_6dca9a8ee633f777|class_8f4be199ef63f3a2|class_e918e523f42c7681,false,use_corrected_v2_grouping,v2 DB grouping uses usable non-empty values and target entity
grp_e84dcadda9275d17,1213|182|673,3,neutral|positive,3,3,same_text_different_entity_valid,class_02273a581d18f2d5|class_6f3e30b2414fc42c|class_8b5cdb0bb6886dc7,false,use_corrected_v2_grouping,v2 DB grouping uses usable non-empty values and target entity
grp_58311555e5ebc18c,1272|1705|183|388|473,5,neutral|positive,5,5,same_text_different_entity_valid,class_0c2cf5c5b5e97d1c|class_9991fd7578fa6b38|class_bf4225ddccf64601|class_d938574ce66138f1|class_ecbfeb1bd47e16c6,false,use_corrected_v2_grouping,v2 DB grouping uses usable non-empty values and target entity
grp_bcb77b854988fb05,1649|1825|186|623|769,4,negative|neutral|positive,5,5,same_text_different_entity_valid,class_4d57840b98049770|class_5eb20adff9edf8a2|class_9f7395d785b90727|class_b249230357b154d3|class_b56cf9c42f1b4815,false,use_corrected_v2_grouping,v2 DB grouping uses usable non-empty values and target entity
grp_b125ab6e569caf8d,1572|188|994,3,negative|neutral|positive,3,3,same_text_different_entity_valid,class_85999de3bb203147|class_8955c8c4d216d793|class_98024f67c10c80e5,false,use_corrected_v2_grouping,v2 DB grouping uses usable non-empty values and target entity
grp_4c88d5d3c4cbf251,1434|189|294|510|833,4,neutral|positive,5,5,same_text_different_entity_valid,class_0973dd81dcfec220|class_13cdf0a3e761c6a0|class_524c4e62ded58ed9|class_74a74337a0228e7f|class_ee457eb377ad3bb8,false,use_corrected_v2_grouping,v2 DB grouping uses usable non-empty values and target entity
grp_60fc140ce29a7dd8,190|662|843,2,neutral|positive,3,3,same_text_different_entity_valid,class_14fb1066739484f2|class_a18c948b5d552a02|class_d818b0496c04e6de,false,use_corrected_v2_grouping,v2 DB grouping uses usable non-empty values and target entity
grp_03f67c2d0255fe64,1275|191|573,3,neutral|positive,3,3,same_text_different_entity_valid,class_4bfbf626288698d2|class_7d774a02340b6c70|class_db0b23067d0dc6a7,false,use_corrected_v2_grouping,v2 DB grouping uses usable non-empty values and target entity
grp_efb757ee26ae4b2b,1489|1619|193|539|873,5,neutral|positive,5,5,same_text_different_entity_valid,class_32838438856edede|class_6abced73c0ab4376|class_6f54008b363e8b69|class_afa451c5addc52d4|class_f8f4a7522c284ff9,false,use_corrected_v2_grouping,v2 DB grouping uses usable non-empty values and target entity
grp_a1b1e93b22285f78,1408|1420|1602|1822|1891|194|209|987,4,negative|neutral|positive,7,8,same_text_different_entity_valid,class_337cdbe0edd099f3|class_4be7ce440b299299|class_7d5c42ffeeab017a|class_8cd8b5a642430ced|class_8f353669bbf6793d|class_c18b380f5b303773|class_d7eda6b7fc698f24,false,use_corrected_v2_grouping,v2 DB grouping uses usable non-empty values and target entity
grp_e390d406b2620c69,1328|195|492|540|900,4,neutral|positive,5,5,same_text_different_entity_valid,class_19bd90ed050d5436|class_3ec18de22057f1e0|class_7d66a542402df23b|class_9343d1f4081fa4ae|class_9dafcb4cacb425cc,false,use_corrected_v2_grouping,v2 DB grouping uses usable non-empty values and target entity
grp_b5b9a60aebece2f3,200|389|717,3,neutral|positive,3,3,same_text_different_entity_valid,class_7b1f03c146ec57ae|class_90d892c42ae477fd|class_9aedb31366a68079,false,use_corrected_v2_grouping,v2 DB grouping uses usable non-empty values and target entity
grp_0c0744735636ba25,1177|1759|201|614|763|847,5,negative|neutral,6,6,same_text_different_entity_valid,class_0234c17abea895dd|class_37a50f5664d4ecf7|class_61089f25c8633c1c|class_92fd88f839a02320|class_e44b10ddf43c25a8|class_e5eb1384f5f75789,false,use_corrected_v2_grouping,v2 DB grouping uses usable non-empty values and target entity
grp_9a1e923dc3036b3c,1568|202|622|728|883,4,negative|neutral|positive,5,5,same_text_different_entity_valid,class_1872a82feea970a6|class_65c881321bd18beb|class_cd243d2fbc9c147c|class_eefe0e52cddffcce|class_fef2b29d82ec58ff,false,use_corrected_v2_grouping,v2 DB grouping uses usable non-empty values and target entity
grp_0a99ef7eb7ff1b43,203|261,2,neutral|positive,2,2,same_text_different_entity_valid,class_38e6a9fb63aaf811|class_fdcf6ad9951e7093,false,use_corrected_v2_grouping,v2 DB grouping uses usable non-empty values and target entity
grp_6abf4321f3b72650,1028|1323|1333|1852|211|627,4,neutral|positive,6,6,same_text_different_entity_valid,class_113b7c68d6b6131f|class_3bec8ab34fa8ab25|class_6e1d9fc9d872326a|class_b11edad96f43b827|class_b8ff9e4670346207|class_fe344e0097d312d1,false,use_corrected_v2_grouping,v2 DB grouping uses usable non-empty values and target entity
grp_de2dff8c3ca91609,1785|212,2,neutral|positive,2,2,same_text_different_entity_valid,class_cbdca350197d0143|class_f00819f5b791a3de,false,use_corrected_v2_grouping,v2 DB grouping uses usable non-empty values and target entity
grp_902ae5fa5f4bf853,1766|1892|216|435,2,neutral|positive,3,4,same_text_same_entity_true_conflict,class_4526a91649ea8b0a|class_53cd4ba2fb54bd3c|class_8bd2a52e9bb8830e,true,human_review,v2 DB grouping uses usable non-empty values and target entity
grp_2e50fcf0f2f3fdf9,1507|1660|217|371|560|734,6,neutral|positive,6,6,same_text_different_entity_valid,class_15891f5117602ec8|class_2ce47f58cbbf681e|class_505236e4c96d28f4|class_55b2be62d0c80ebb|class_5daa4f1a265789b0|class_de23407f5ccc70e7,false,use_corrected_v2_grouping,v2 DB grouping uses usable non-empty values and target entity
grp_6e32fe827bbfec81,219|321|721,3,negative|neutral|positive,3,3,same_text_different_entity_valid,class_140439374058b46a|class_624217c4ac95156d|class_d3c33b1c839b6250,false,use_corrected_v2_grouping,v2 DB grouping uses usable non-empty values and target entity
grp_37c8ef386cd3d238,1824|225|357,3,neutral|positive,3,3,same_text_different_entity_valid,class_1e8b5221fc7bfac4|class_471a5b7386d889c8|class_a4fcf2e736ce3ab5,false,use_corrected_v2_grouping,v2 DB grouping uses usable non-empty values and target entity
grp_e18a57e840b47720,1406|232|479,3,negative|positive,3,3,same_text_different_entity_valid,class_b976b09b7603f438|class_c5b3f6a0deb81b53|class_d89a05e9c5403832,false,use_corrected_v2_grouping,v2 DB grouping uses usable non-empty values and target entity
grp_e171cbcb511b543a,1043|1135|1521|235|317|393|776,5,negative|neutral|positive,7,7,same_text_different_entity_valid,class_0495f362ae2cf836|class_60d9e08e40d937f0|class_76b1c9e4bb29cae8|class_d63ae1d234efda29|class_dd5b58c839d9d67c|class_e95c36f2da342ecb|class_eaecb17d991e0309,false,use_corrected_v2_grouping,v2 DB grouping uses usable non-empty values and target entity
grp_6dc28d4bbaa408ff,1041|1620|236|666|991,4,negative|neutral|positive,5,5,same_text_different_entity_valid,class_2121d1b995446a6e|class_2d3c1306c33428f2|class_7f1e98fff10a6222|class_c6d2a0a5ccc9c702|class_fdffc63e84449884,false,use_corrected_v2_grouping,v2 DB grouping uses usable non-empty values and target entity
grp_64e2f92311428273,1108|238|737,3,negative|neutral,3,3,same_text_different_entity_valid,class_417bcd04eba2d86d|class_d959a2e056152de2|class_de048271196e2701,false,use_corrected_v2_grouping,v2 DB grouping uses usable non-empty values and target entity
grp_68fc4d662cd0e86e,1103|1172|1341|1534|239|806,6,neutral|positive,6,6,same_text_different_entity_valid,class_11c084e1997afc63|class_125e0a9bcd2085a0|class_2e847310a1ef8ff4|class_b60521058c91b224|class_c8661ffe5a9cd0d6|class_fe52cf776b04912b,false,use_corrected_v2_grouping,v2 DB grouping uses usable non-empty values and target entity
grp_cc2bbc53ca065064,1342|1875|1889|243|442|470|637,7,neutral|positive,7,7,same_text_different_entity_valid,class_0dc5ff80087e24f2|class_4b07df565257008f|class_72a8e76d4a7b7375|class_9e99039a210b986a|class_da64ae25d169f1f2|class_f5c6dd983a066a66|class_fb15842162ede632,false,use_corrected_v2_grouping,v2 DB grouping uses usable non-empty values and target entity
grp_d08f2718a89b6500,244|415|416,3,neutral|positive,3,3,same_text_different_entity_valid,class_6e0dcb386d073f4f|class_81362c7cccdeda74|class_85ad26f933b6c831,false,use_corrected_v2_grouping,v2 DB grouping uses usable non-empty values and target entity
grp_d0c669bd7d888720,1157|1427|1539|1697|1769|246|557|865,7,negative|neutral|positive,8,8,same_text_different_entity_valid,class_02a6d1c4111a7fca|class_25e5787e02e4b034|class_31b57238916e0f54|class_697280bd58a002fe|class_a0ea908ef60d7e74|class_abef97b7e9d45028|class_b23d9c14c7ec20e1|class_cd5087615e18bda8,false,use_corrected_v2_grouping,v2 DB grouping uses usable non-empty values and target entity
grp_b2b11513115b5373,251|465|494,3,neutral|positive,3,3,same_text_different_entity_valid,class_615fe8cd674c8618|class_aea056c612286d91|class_c4ee325ca5442e7d,false,use_corrected_v2_grouping,v2 DB grouping uses usable non-empty values and target entity
grp_76c6d235a5f9d8e0,1071|259|260|367|945|985,4,negative|neutral|positive,6,6,same_text_different_entity_valid,class_18894f018f7312fb|class_2da921af15708516|class_68b97d441340b36f|class_8f3660fd96ef018b|class_9e41ade7389c0de5|class_d5736cc23003cdf4,false,use_corrected_v2_grouping,v2 DB grouping uses usable non-empty values and target entity
grp_5c555c5adf5c755d,1679|1702|262|547|621|741,6,neutral|positive,6,6,same_text_different_entity_valid,class_1bd4293dd065d8df|class_2a76d05c135d1dc2|class_3840e6ce0ca5cdbf|class_6d4db02d3024dbeb|class_8d96ad906d428d8a|class_b94e7f989bb15a0d,false,use_corrected_v2_grouping,v2 DB grouping uses usable non-empty values and target entity
grp_6f06a3dc0853e21d,1252|1448|1760|1801|278,5,negative|neutral|positive,5,5,same_text_different_entity_valid,class_3843af6441a05114|class_b4be00775b1ffcfe|class_c6edf804fe69e388|class_e735dc78a3cb1cc6|class_ed71a7cd3a3cedf9,false,use_corrected_v2_grouping,v2 DB grouping uses usable non-empty values and target entity
grp_1bdccb1941bf489b,1692|281|928,2,neutral|positive,3,3,same_text_different_entity_valid,class_2643014710ed80dd|class_7c00237a1627dcc3|class_9f21c21bd900178a,false,use_corrected_v2_grouping,v2 DB grouping uses usable non-empty values and target entity
grp_448c0fb755441003,1212|1238|1708|286,3,neutral|positive,4,4,same_text_different_entity_valid,class_3bc84d41d69cfb41|class_4b82b870f6a2acda|class_98c5a9033381a7be|class_f069c8e47c665cea,false,use_corrected_v2_grouping,v2 DB grouping uses usable non-empty values and target entity
grp_3fefd3a5f7942b48,1659|1783|287|932,4,negative|neutral,4,4,same_text_different_entity_valid,class_0e5f2b2a9b9f54bf|class_7f278adbe9bc2da8|class_7f816d6ca1e8fb93|class_b591634c04d22395,false,use_corrected_v2_grouping,v2 DB grouping uses usable non-empty values and target entity
grp_1cc42a1dd416a1f9,1263|289|366|927,4,neutral|positive,4,4,same_text_different_entity_valid,class_02e8956e1fabb0cd|class_2fd5723b4f32087d|class_69c75cff703cc53c|class_bbe85c21207db48d,false,use_corrected_v2_grouping,v2 DB grouping uses usable non-empty values and target entity
grp_9f79d44a8a4ad0bc,1009|1073|1131|1629|290|646|823|898,6,negative|neutral|positive,7,8,same_text_same_entity_true_conflict,class_109098db4846c093|class_232ecd8b830ecbf0|class_29401c082912255f|class_42133cfbf0d9165b|class_4d754041f4d75ad9|class_af071bd49839a2bf|class_e2b400db17a55622,true,human_review,v2 DB grouping uses usable non-empty values and target entity
grp_314d91dbb62bace6,1088|1709|291|587|641,4,neutral|positive,4,5,same_text_different_entity_valid,class_615b5423622624c6|class_721c1ebe60a2ecfa|class_94f7f1da77ca7e6e|class_bcb25b15fdd284e5,false,use_corrected_v2_grouping,v2 DB grouping uses usable non-empty values and target entity
grp_c5a08ea37ba90827,1036|292|756,3,negative|neutral,3,3,same_text_different_entity_valid,class_44ae241bb0b87ba2|class_915aaf172bb5c328|class_ae06041e50cba2ae,false,use_corrected_v2_grouping,v2 DB grouping uses usable non-empty values and target entity
grp_75034d3118935d2b,1414|295|529|599|836,5,negative|neutral|positive,5,5,same_text_different_entity_valid,class_091a070e2b2c4f5e|class_2ce121839ad7a29f|class_688cac50f32835b3|class_adaa0a5fe152b820|class_b0b89222e722f356,false,use_corrected_v2_grouping,v2 DB grouping uses usable non-empty values and target entity
grp_c3ae6aad0bbfe45a,1348|298|458|639,4,neutral|positive,4,4,same_text_different_entity_valid,class_3657fb4a4c969029|class_c1964f0dd4bb98e7|class_cd6c50f843799285|class_d619335fb00f0af3,false,use_corrected_v2_grouping,v2 DB grouping uses usable non-empty values and target entity
grp_2ac9c7e3e2482fe6,1120|301|386|457|664,5,neutral|positive,5,5,same_text_different_entity_valid,class_2e24a5a8cf0c0baf|class_9ad378c81ffc5b02|class_9c9c7455acb2fe0e|class_d5c1f0b7364933bb|class_f1e60746133a9b4b,false,use_corrected_v2_grouping,v2 DB grouping uses usable non-empty values and target entity
grp_ae1f229e5ab4324d,1687|304|466|774,4,negative|neutral,4,4,same_text_different_entity_valid,class_4870a4e985e3e726|class_a470a6dc8cd365dc|class_b60755503b9d9856|class_ea15a6f39f9da9cb,false,use_corrected_v2_grouping,v2 DB grouping uses usable non-empty values and target entity
grp_8fc120d2ad43075e,1019|306|314|422|894,4,neutral|positive,5,5,same_text_different_entity_valid,class_0b32e6d712f38543|class_3e1c546fe785a6aa|class_911fbc30af833656|class_e361047626be1e47|class_fef0db5536c167e6,false,use_corrected_v2_grouping,v2 DB grouping uses usable non-empty values and target entity
grp_d7e0ed1360e8fa38,1500|1641|310|880,4,negative|neutral|positive,4,4,same_text_different_entity_valid,class_5c00b0429713995f|class_a154c91abad2437a|class_b7b842dcf1a79b4c|class_ff9497bcac990324,false,use_corrected_v2_grouping,v2 DB grouping uses usable non-empty values and target entity
grp_bc47a4fa75b29405,1391|1719|1841|316|551|595,4,negative|neutral|positive,5,6,same_text_different_entity_valid,class_3b2d6b694d140733|class_73fb8c653eb37784|class_768c9a7a1ff3411e|class_8107837d089e8868|class_880782875d2d3120,false,use_corrected_v2_grouping,v2 DB grouping uses usable non-empty values and target entity
grp_704645dc0f23166a,1646|1817|324,2,negative|positive,3,3,same_text_different_entity_valid,class_139fc2f0b167c3e1|class_231df5ef4ef7593b|class_d3e5dfa5032a5782,false,use_corrected_v2_grouping,v2 DB grouping uses usable non-empty values and target entity
grp_3a20a1f953c4de0b,1035|1189|325|606|700|859,5,neutral|positive,6,6,same_text_different_entity_valid,class_384cfb3b49926fc6|class_6caa34bf2d6708ad|class_70b655e3ebcb35e6|class_74fa363613fa794a|class_e273689f0c850455|class_e294c7bf6ecc0f01,false,use_corrected_v2_grouping,v2 DB grouping uses usable non-empty values and target entity
grp_57254c58e3e49157,1419|1678|332|490|663,4,neutral|positive,5,5,same_text_different_entity_valid,class_18c4d5c7ed35236a|class_6bdaa727be481d89|class_76e006850fc00df1|class_f78248e4768230a0|class_ff7044c2d6588d66,false,use_corrected_v2_grouping,v2 DB grouping uses usable non-empty values and target entity
grp_919e98e9a567d259,1056|1137|1816|336,4,neutral|positive,4,4,same_text_different_entity_valid,class_39c90de6c912712d|class_484d0d4bdea610eb|class_6de187d24e721763|class_8657b52f0b10d826,false,use_corrected_v2_grouping,v2 DB grouping uses usable non-empty values and target entity
grp_08e9dde5e619bf68,1393|344,2,negative|neutral,2,2,same_text_different_entity_valid,class_4e0ec007d8764ee7|class_efbdcb6d3a8978ad,false,use_corrected_v2_grouping,v2 DB grouping uses usable non-empty values and target entity
grp_f511e0cf1b6dea1a,1319|1579|348|762|802|819,5,neutral|positive,5,6,same_text_different_entity_valid,class_7bbbab9660f0c340|class_7fef5c2ac32a0e5a|class_b6d1eb3b626b31e6|class_f5fa4629de871e22|class_f9e4d15da9b63a4c,false,use_corrected_v2_grouping,v2 DB grouping uses usable non-empty values and target entity
grp_9bae4cbdd45fa6a3,1516|350|525|855,3,neutral|positive,4,4,same_text_different_entity_valid,class_0ff11f90b3ea969a|class_1ce846f35f72e303|class_615b2702dc0f9642|class_c66c7264a7714d55,false,use_corrected_v2_grouping,v2 DB grouping uses usable non-empty values and target entity
grp_a984b863442a147a,352|487|593|691,4,negative|positive,4,4,same_text_different_entity_valid,class_21c74ff04d788077|class_80bf942d9c8e9820|class_d5637b492e5b928f|class_f1f18ccd80949b06,false,use_corrected_v2_grouping,v2 DB grouping uses usable non-empty values and target entity
grp_40c6357070096cbf,354|561|754,3,negative|positive,3,3,same_text_different_entity_valid,class_11cd7c32b325b664|class_18b8686434dbe9ac|class_583b4c72eca7ca29,false,use_corrected_v2_grouping,v2 DB grouping uses usable non-empty values and target entity
grp_7a31908a761c97fb,1304|1549|355|644,4,negative|neutral|positive,4,4,same_text_different_entity_valid,class_7a492389b28b148c|class_7d46e04d46f4f761|class_a7e12fd6368ad393|class_f3e952771cfc48f3,false,use_corrected_v2_grouping,v2 DB grouping uses usable non-empty values and target entity
grp_fd5e9d9e6437d556,1057|1085|1437|359|444|464|959,5,neutral|positive,6,7,same_text_different_entity_valid,class_4ea4b6e184a08072|class_540f8bf61d9c65fa|class_598af5be2347c74a|class_7624f1e6f1e986ab|class_a5491419f2476ab5|class_da3ba01a6e04553c,false,use_corrected_v2_grouping,v2 DB grouping uses usable non-empty values and target entity
grp_e1b2b8eb459c4891,1273|1582|1661|1773|360|401,5,negative|neutral|positive,6,6,same_text_different_entity_valid,class_0529ef6e18d51ce3|class_1b37601fe2c9977f|class_1d4b0f5afa9a021c|class_7bd00fa0ed779939|class_d31e239d1fe5509f|class_d7b822addd7628b8,false,use_corrected_v2_grouping,v2 DB grouping uses usable non-empty values and target entity
grp_9b22b0efad0caee9,361|668|891|978,3,negative|neutral|positive,3,4,same_text_different_entity_valid,class_15c90f4bb955aedc|class_8b332fbf09c10824|class_8e4603b7ce7f8fd0,false,use_corrected_v2_grouping,v2 DB grouping uses usable non-empty values and target entity
grp_2a05fec3bf4f3dec,1372|362,1,neutral|positive,2,2,transitive_overmerge,class_28a56152c6b39acd|class_c91e304834a17663,false,use_corrected_v2_grouping,v2 DB grouping uses usable non-empty values and target entity
grp_4af7f9141f2b237d,1442|364|829|952,3,neutral|positive,4,4,same_text_different_entity_valid,class_3302c1bb6d42f87b|class_5a247942e87bf773|class_99e3f3f82421d421|class_ff7e739ecc727834,false,use_corrected_v2_grouping,v2 DB grouping uses usable non-empty values and target entity
grp_7acc8caee8760ca1,1346|365|609,3,neutral|positive,3,3,same_text_different_entity_valid,class_c4f2c3917b72cb68|class_f01b0637a3d985c9|class_ffee46daff48436e,false,use_corrected_v2_grouping,v2 DB grouping uses usable non-empty values and target entity
grp_6fd43faa212219e8,1141|1480|1849|370|849,5,negative|neutral|positive,5,5,same_text_different_entity_valid,class_163440b64f59ac5c|class_1cb6d11881e5a0fa|class_22a33f0ae7d55b41|class_653ed0104155ce03|class_b4f5186faaf0d774,false,use_corrected_v2_grouping,v2 DB grouping uses usable non-empty values and target entity
grp_0e02a0711062b1c9,1059|1765|373|376,3,neutral|positive,4,4,same_text_different_entity_valid,class_15446865c86a91f7|class_4a647540a514a2a8|class_7948b050356924e7|class_8729428de46a1885,false,use_corrected_v2_grouping,v2 DB grouping uses usable non-empty values and target entity
grp_f3e94b098ceae4b3,1126|1487|1696|378|896,4,negative|neutral|positive,5,5,same_text_different_entity_valid,class_16cb65dc43f14a51|class_428ac0bce4286f47|class_4e8a673ea747c4aa|class_91555f5f1df8c782|class_d4a49de20f2b9b29,false,use_corrected_v2_grouping,v2 DB grouping uses usable non-empty values and target entity
grp_b3e11272fab3b06f,1386|1387|380|481|863|930|970,4,neutral|positive,6,7,same_text_different_entity_valid,class_2077a6b5098089b3|class_220af7d11e5025bc|class_3289ae4b96ef1ab6|class_6945f8589d2758d6|class_780ac2a200b62b28|class_7d167057342775a5,false,use_corrected_v2_grouping,v2 DB grouping uses usable non-empty values and target entity
grp_1d5f7a078ff158d6,1118|1363|381,3,negative|neutral,3,3,same_text_different_entity_valid,class_41bb70ff10e26f80|class_b7abec7d116d3d52|class_f367118e423fbe74,false,use_corrected_v2_grouping,v2 DB grouping uses usable non-empty values and target entity
grp_b2b90531c97db247,1175|1329|1598|1826|1836|396|783,5,neutral|positive,7,7,same_text_different_entity_valid,class_2a5a92854f95f117|class_542ce61380f503ab|class_aa8e2e97e5a3662a|class_bc8440d4c2fc668f|class_d383640e213f46e8|class_dd81bbcebf1a9820|class_ecdb6fa559d2f072,false,use_corrected_v2_grouping,v2 DB grouping uses usable non-empty values and target entity
grp_5ab35c5567216961,1204|1236|1845|397|484|938,5,neutral|positive,6,6,same_text_different_entity_valid,class_1394b9d613b3dfc1|class_4ac763eebf07f4cd|class_69c13b0a27fe8f77|class_ade80f6d92cab38d|class_cf6ba171fc416e63|class_d2f1abe0e6a1d03a,false,use_corrected_v2_grouping,v2 DB grouping uses usable non-empty values and target entity
grp_4a53fb5d2c8e9da2,1155|1277|403|426|433|471,5,neutral|positive,6,6,same_text_different_entity_valid,class_140d17cf714dfc77|class_289f2c3e3fb10927|class_29b55dc6e625fe7c|class_4c50e768ce707f25|class_d9c30e9d2ef38a1f|class_decf84eaf8354513,false,use_corrected_v2_grouping,v2 DB grouping uses usable non-empty values and target entity
grp_2ab8c7ed852264e9,407|736,2,negative|neutral,2,2,same_text_different_entity_valid,class_ed117087aa15cd84|class_f47286f8624264a1,false,use_corrected_v2_grouping,v2 DB grouping uses usable non-empty values and target entity
grp_dd76f53b66e8c942,409|493|826,2,neutral|positive,2,3,same_text_same_entity_true_conflict,class_457d36fe761b1df1|class_ab138253b40da6c8,true,human_review,v2 DB grouping uses usable non-empty values and target entity
grp_99a293ae6bfb1c22,1285|410|556,3,neutral|positive,3,3,same_text_different_entity_valid,class_00df331f6488559e|class_07c049fd2e8f7576|class_0e00cda20de377c1,false,use_corrected_v2_grouping,v2 DB grouping uses usable non-empty values and target entity
grp_6872ef1206e2971c,1842|411|653|931,4,negative|neutral|positive,4,4,same_text_different_entity_valid,class_22d983bcc9b669da|class_4a487cd271ae755b|class_740db2b84a0a1d7d|class_95229f3c2f4299ab,false,use_corrected_v2_grouping,v2 DB grouping uses usable non-empty values and target entity
grp_349e883f357cc339,1200|1775|413|502|669,4,negative|neutral|positive,5,5,same_text_different_entity_valid,class_3a841353d1d29133|class_7de11f88feb437e0|class_c596cc1edeff2ed8|class_d825eea8647f4aad|class_dbd00f1d5ee24992,false,use_corrected_v2_grouping,v2 DB grouping uses usable non-empty values and target entity
grp_7be1764895708c9a,1347|1540|1717|420|687|690,5,neutral|positive,6,6,same_text_different_entity_valid,class_09c1d89027616533|class_87215c191d419254|class_9adff0d8f4a68627|class_a43056b006529eae|class_a432441e519812ef|class_b183e720265211ef,false,use_corrected_v2_grouping,v2 DB grouping uses usable non-empty values and target entity
grp_d9555ec0a9c4d394,1078|1278|421|844,4,neutral|positive,4,4,same_text_different_entity_valid,class_2ac139b06f481861|class_2d78d0d6e6e9c233|class_398ec5f8312d10fb|class_e8814aa38dbd7b43,false,use_corrected_v2_grouping,v2 DB grouping uses usable non-empty values and target entity
grp_2c376f574a5cd344,1234|1452|423,3,negative|neutral|positive,3,3,same_text_different_entity_valid,class_04f82c866b26bd09|class_5e95925470bda431|class_a6cde02b4100ec10,false,use_corrected_v2_grouping,v2 DB grouping uses usable non-empty values and target entity
grp_055106e3744a82eb,1608|425|523,3,negative|positive,3,3,same_text_different_entity_valid,class_196ec37eaed2fe96|class_a147d6fb203f3e4d|class_f520c48e34132891,false,use_corrected_v2_grouping,v2 DB grouping uses usable non-empty values and target entity
grp_33320b6c81edd5e4,1013|1176|1470|430,4,neutral|positive,4,4,same_text_different_entity_valid,class_3a354a068741cc1d|class_7a9367e72dd738d6|class_c614208cf904c107|class_c983fce7f3b52c5c,false,use_corrected_v2_grouping,v2 DB grouping uses usable non-empty values and target entity
grp_b0d4ab689fecc46c,439|604|618|659,3,neutral|positive,4,4,same_text_different_entity_valid,class_2ec43a730127752c|class_42015b9be36cc363|class_62a2258ec7b54219|class_b4382264ef0a3e06,false,use_corrected_v2_grouping,v2 DB grouping uses usable non-empty values and target entity
grp_6da9d26798664158,1307|1581|441,3,negative|neutral,3,3,same_text_different_entity_valid,class_13b668ed33f332b2|class_29272e763c9dadf0|class_95349f151014acb9,false,use_corrected_v2_grouping,v2 DB grouping uses usable non-empty values and target entity
grp_2b8f6eafea9c56f7,1037|1645|445|998,3,neutral|positive,4,4,same_text_different_entity_valid,class_320aa3ee2381c5f0|class_64de2db7205d1e0b|class_d03c15edbacf4e6a|class_f26799ec7696570e,false,use_corrected_v2_grouping,v2 DB grouping uses usable non-empty values and target entity
grp_588569d6c3430810,1058|449|650|778|892,3,neutral|positive,5,5,same_text_different_entity_valid,class_5ba1818e65d89219|class_6af69d7dc18935aa|class_79f9d85a8fce047f|class_d347a01def751ef9|class_d6bbdaa6e5422b75,false,use_corrected_v2_grouping,v2 DB grouping uses usable non-empty values and target entity
grp_ae665b98c125a7de,1005|1253|1890|452|574|661,4,neutral|positive,6,6,same_text_different_entity_valid,class_05a58449dca81a2a|class_19ad8772ca79559a|class_440ab57b291c4d9f|class_6143d0e295a51fbb|class_a4aaf0e95f98bb18|class_ae69813b73a38041,false,use_corrected_v2_grouping,v2 DB grouping uses usable non-empty values and target entity
grp_89f5b6a4d7bbc9d6,1198|1345|1502|454|567,4,negative|neutral,4,5,same_text_different_entity_valid,class_24d563b64fc8691a|class_85fba12a93a98a3e|class_8a09014e0d4c22fa|class_b371656ed878853f,false,use_corrected_v2_grouping,v2 DB grouping uses usable non-empty values and target entity
grp_bda341ddaa3f5899,1606|474|558|954,4,negative|neutral|positive,4,4,same_text_different_entity_valid,class_0c852284e5fbc38b|class_1f68898a2f23dc30|class_97acedec16662011|class_d2e366765e7fac1f,false,use_corrected_v2_grouping,v2 DB grouping uses usable non-empty values and target entity
grp_252cd45f54b111a2,1538|475|801|884,3,negative|neutral|positive,3,4,same_text_same_entity_true_conflict,class_91c7ad99c19d2234|class_b712c61f751b781a|class_c2f50c973118effd,true,human_review,v2 DB grouping uses usable non-empty values and target entity
grp_f019dd15f811fe03,1633|476|915,3,negative|neutral,3,3,same_text_different_entity_valid,class_20e8dbc4e2cc4d6c|class_52d9b84da3a64d7b|class_9dce8032fbfe87d0,false,use_corrected_v2_grouping,v2 DB grouping uses usable non-empty values and target entity
grp_e7d77d992e1ecd37,1047|1140|1290|1330|477|537|563|910,7,negative|neutral|positive,8,8,same_text_different_entity_valid,class_176a75d34ab695e7|class_394c952828b7c211|class_45655269e6c8f830|class_4bbb88cd2fa26734|class_4f5ce02c7952d219|class_55e825ba8f190994|class_6a8b7ffe6ee639fd|class_8bc3f0b6f89ba1ee,false,use_corrected_v2_grouping,v2 DB grouping uses usable non-empty values and target entity
grp_526ab006017d85d7,1490|1564|480,3,neutral|positive,3,3,same_text_different_entity_valid,class_0af17ec82de052e4|class_690672ab3a93c847|class_7f3384b0781f0669,false,use_corrected_v2_grouping,v2 DB grouping uses usable non-empty values and target entity
grp_25054f2ad4368d8d,495|713|899|967,3,negative|neutral,4,4,same_text_different_entity_valid,class_61e8be97d30d6bbe|class_8d551c855d45b3dc|class_a2593062c6ad328e|class_c0c23b68e2f2e5e2,false,use_corrected_v2_grouping,v2 DB grouping uses usable non-empty values and target entity
grp_57aef8d4ad77986a,1080|1506|1593|500|549,5,neutral|positive,5,5,same_text_different_entity_valid,class_0337b2de2d7d066a|class_3651b1233c4ef3da|class_4563370a9ed4644f|class_b4baaf7c6657ba7a|class_e0b3a88afd0d8eb2,false,use_corrected_v2_grouping,v2 DB grouping uses usable non-empty values and target entity
grp_40659d5bafaf7056,1006|1803|1865|505|579,4,negative|neutral,5,5,same_text_different_entity_valid,class_512581559fcb2d1d|class_5b7baa5976edd73c|class_70ee2b5f7f2c58f3|class_821811c9521cc77f|class_c14e8d68887ec5c9,false,use_corrected_v2_grouping,v2 DB grouping uses usable non-empty values and target entity
grp_c176afe6721c58b7,1298|1423|1438|509,4,neutral|positive,4,4,same_text_different_entity_valid,class_2931dd06a3fbec28|class_a39e63c7ffee50ab|class_b8452794abf6c3ef|class_b9bbddc9ab9aba3a,false,use_corrected_v2_grouping,v2 DB grouping uses usable non-empty values and target entity
grp_5f83e75cda0cc65f,1045|1091|512|708|897,4,neutral|positive,4,5,same_text_same_entity_true_conflict,class_3565f9c137e82fe0|class_3f85b067781f63bb|class_518ba4721cd3494b|class_b97cfd2ecdce175b,true,human_review,v2 DB grouping uses usable non-empty values and target entity
grp_aa0a6b2971f26b9b,1111|1257|1313|1385|518|651|961,4,negative|neutral|positive,7,7,same_text_different_entity_valid,class_1cc111c424af6b73|class_1ed9390472480bec|class_7517eba8326c4911|class_75f62bb367d8c4c3|class_b42725ceea75cbf6|class_c50dd07fd9f5dc35|class_ede68619253591e3,false,use_corrected_v2_grouping,v2 DB grouping uses usable non-empty values and target entity
grp_b69b982aa1f3b67c,1072|1460|519,3,negative|neutral|positive,3,3,same_text_different_entity_valid,class_2db6c31f94f743d4|class_7d41e5821c54d627|class_c9ecb9be6a1a58aa,false,use_corrected_v2_grouping,v2 DB grouping uses usable non-empty values and target entity
grp_4075200ffe1110bc,1811|521,2,neutral|positive,2,2,same_text_different_entity_valid,class_9c179b4f7a7c7081|class_b0496f545a6becb3,false,use_corrected_v2_grouping,v2 DB grouping uses usable non-empty values and target entity
grp_7c770c1a0b305066,1819|1871|531|643,4,negative|neutral|positive,4,4,same_text_different_entity_valid,class_6637d98f17c01893|class_adb09bb94d5e101a|class_d25e73f60cc04630|class_eb4d02c5d8512838,false,use_corrected_v2_grouping,v2 DB grouping uses usable non-empty values and target entity
grp_c383bb221be25f41,1648|1746|533,3,neutral|positive,3,3,same_text_different_entity_valid,class_0f5d82d351da364f|class_470a2bb818850cd7|class_5d9b8efd8876d719,false,use_corrected_v2_grouping,v2 DB grouping uses usable non-empty values and target entity
grp_4fd0fb2c6d2c44b3,1063|542|751,3,negative|neutral,3,3,same_text_different_entity_valid,class_489f1f56dd5ab34c|class_68a9e956aa23882a|class_95c0238af9f49d0b,false,use_corrected_v2_grouping,v2 DB grouping uses usable non-empty values and target entity
grp_bb464892b59df77c,1211|1422|546,2,neutral|positive,3,3,same_text_different_entity_valid,class_24dd506028076c6a|class_3cbe7c4530f50935|class_a9046c9eb831310d,false,use_corrected_v2_grouping,v2 DB grouping uses usable non-empty values and target entity
grp_f75c65072bd3a8db,1079|1339|1797|559,4,neutral|positive,4,4,same_text_different_entity_valid,class_99471a5746b2f0c6|class_b4931c14f0d0d733|class_b52274bb1dcd22d8|class_c6caa7b38ac914dd,false,use_corrected_v2_grouping,v2 DB grouping uses usable non-empty values and target entity
grp_d90c85e3e1eca4ae,1171|1324|1474|1751|1771|566|584,6,neutral|positive,7,7,same_text_different_entity_valid,class_0fba836437724296|class_264ad999f3ae2c15|class_2a7d8db4776ea3af|class_699a7bbe1ab1d1b7|class_cf8d098d14f40011|class_ec2d311e7271144d|class_f9de60899426239c,false,use_corrected_v2_grouping,v2 DB grouping uses usable non-empty values and target entity
grp_6ca9e6571c0920e6,1048|1337|568|984,2,neutral|positive,4,4,same_text_different_entity_valid,class_02b9df4d20fb0ed9|class_0d1096e1bc71423b|class_373f40fcd1305f64|class_9a8039333c44e307,false,use_corrected_v2_grouping,v2 DB grouping uses usable non-empty values and target entity
grp_ed79ea6dafb3be61,1159|1878|569,3,negative|neutral|positive,3,3,same_text_different_entity_valid,class_5f0e1d98e8993a0c|class_9b66909d52154902|class_ced39fe3107c99b7,false,use_corrected_v2_grouping,v2 DB grouping uses usable non-empty values and target entity
grp_0048a928e5e77564,1230|1357|1779|570|635|703|770,6,neutral|positive,7,7,same_text_different_entity_valid,class_0c3ce1ea0a81d7a0|class_0d521538a50e826f|class_1cddc50c50eab14b|class_4613786719f0f341|class_60ae84ca4d986dd2|class_6fa3e101a45cb70d|class_f127355ad84cb8cf,false,use_corrected_v2_grouping,v2 DB grouping uses usable non-empty values and target entity
grp_14eba5b470e43cfb,576|665|909,3,negative|neutral,3,3,same_text_different_entity_valid,class_0c28715cdf2967ef|class_4fafa7ce88ef5e4c|class_98e092cecc6f4f0d,false,use_corrected_v2_grouping,v2 DB grouping uses usable non-empty values and target entity
grp_8b350bc83b55ceda,1046|1398|1635|580,3,neutral|positive,4,4,same_text_different_entity_valid,class_7615b9957c86c44e|class_777a5cfd06e974b4|class_bc5cc54a6e530f66|class_d300e606b8f6e0da,false,use_corrected_v2_grouping,v2 DB grouping uses usable non-empty values and target entity
grp_efa6ec526faba4c6,1394|581|681|768,3,neutral|positive,4,4,same_text_different_entity_valid,class_3e541ae3aa1904b5|class_a2b597403a385356|class_d7861b413866e457|class_fd987a37963c3cb4,false,use_corrected_v2_grouping,v2 DB grouping uses usable non-empty values and target entity
grp_439a3b15f4bb5141,1070|1343|1495|589|726,5,neutral|positive,5,5,same_text_different_entity_valid,class_0d314aed59807f67|class_394e60edd78727e2|class_5e394fa2833ec3d6|class_788b2f5ea28d80c3|class_f5a3c71e2388b1bf,false,use_corrected_v2_grouping,v2 DB grouping uses usable non-empty values and target entity
grp_5e9124f33b790636,1456|1587|1834|598,3,neutral|positive,4,4,same_text_different_entity_valid,class_6057ec5b54add3a0|class_93bd20a4aeed558a|class_93c8c1288381024c|class_f5f482df8b1b2abb,false,use_corrected_v2_grouping,v2 DB grouping uses usable non-empty values and target entity
grp_028f7e8751bdfdaf,600|686|902|904|997,3,negative|neutral|positive,5,5,same_text_different_entity_valid,class_846ff7021670d9b5|class_98f4c3fdbefc3831|class_cae19f066cd5d45a|class_e093b8cfef7fd378|class_f7aea73ecb15146e,false,use_corrected_v2_grouping,v2 DB grouping uses usable non-empty values and target entity
grp_3b565d8df006a27d,1315|1494|1731|1774|616,5,neutral|positive,5,5,same_text_different_entity_valid,class_43121253a6a7a4ed|class_4bcf92cca5083de9|class_5677c4dc9dd96ea1|class_648c520919c03cd2|class_a36645a9311f9493,false,use_corrected_v2_grouping,v2 DB grouping uses usable non-empty values and target entity
grp_4d331b141db6123b,1003|1153|1358|1614|1711|619,5,neutral|positive,6,6,same_text_different_entity_valid,class_42523747404f4100|class_580e0f14b733a2ef|class_7119ad9c4b93c252|class_72252dfba1a993b3|class_a74c6afc8ec7a712|class_b8e2d6d36fe05ca4,false,use_corrected_v2_grouping,v2 DB grouping uses usable non-empty values and target entity
grp_b5f02ed3fc4d06d3,1411|1640|624,3,neutral|positive,3,3,same_text_different_entity_valid,class_55b772fd3b075081|class_698947d163bcbf30|class_c227336e27e00893,false,use_corrected_v2_grouping,v2 DB grouping uses usable non-empty values and target entity
grp_d6022ed12d14f051,1184|632,2,negative|neutral,2,2,same_text_different_entity_valid,class_934710f13777d6dc|class_b45dce605662b5ef,false,use_corrected_v2_grouping,v2 DB grouping uses usable non-empty values and target entity
grp_6cab5aa5499bb78c,1096|1510|1583|656|868,4,negative|neutral,4,5,same_text_same_entity_true_conflict,class_204fc6683a9efeb1|class_b8dcc696e97d29dd|class_f4c5706e073223cc|class_fcdc8029ba876917,true,human_review,v2 DB grouping uses usable non-empty values and target entity
grp_4b34be275fb0b825,1093|1260|1611|660|936,4,negative|neutral,5,5,same_text_different_entity_valid,class_3ae28c71d9dbf92b|class_6932b8fba0b0bc7b|class_7b1da075e9a34c67|class_8a91d9b38f5b2aab|class_abd6666340b09e12,false,use_corrected_v2_grouping,v2 DB grouping uses usable non-empty values and target entity
grp_56e9546f66c45d33,1662|1718|671|966,4,negative|neutral|positive,4,4,same_text_different_entity_valid,class_4629fddfe5c78f9b|class_5047fa45ad71e894|class_618bc3c35386dd62|class_b7607fa7d650c321,false,use_corrected_v2_grouping,v2 DB grouping uses usable non-empty values and target entity
grp_3645c0b0a89aa240,1089|1618|677|860,3,negative|neutral,4,4,same_text_different_entity_valid,class_2a0397630146d47c|class_54b4e58d73c7bc08|class_5edbb6afdc3a48e7|class_70b77f18d7783dfb,false,use_corrected_v2_grouping,v2 DB grouping uses usable non-empty values and target entity
grp_141ae499428afb94,683|807,2,neutral|positive,2,2,same_text_different_entity_valid,class_89a2bfbb730b3694|class_ae66ee6b3125c3e6,false,use_corrected_v2_grouping,v2 DB grouping uses usable non-empty values and target entity
grp_a795e6eb1cad6676,1499|688|712,3,neutral|positive,3,3,same_text_different_entity_valid,class_4ed515a5dc77465f|class_708791997d764df3|class_7a9b7f9058613132,false,use_corrected_v2_grouping,v2 DB grouping uses usable non-empty values and target entity
grp_194683e01c30175d,1000|1227|1430|694,4,negative|neutral,4,4,same_text_different_entity_valid,class_14ffe81a37eb6427|class_2efdae411c0b3996|class_d89117fa6ecba862|class_e3aea65da31e4558,false,use_corrected_v2_grouping,v2 DB grouping uses usable non-empty values and target entity
grp_e0364b9b67e516d6,1216|1418|1561|697,3,neutral|positive,4,4,same_text_different_entity_valid,class_0534bfa163bc9fbf|class_9d8671d12be95a0b|class_b2db683f7966fa45|class_c5a18900fd633ef7,false,use_corrected_v2_grouping,v2 DB grouping uses usable non-empty values and target entity
grp_8b5548c9fe9597f3,1632|1651|1786|1835|701,4,neutral|positive,5,5,same_text_different_entity_valid,class_068150b45384bdd9|class_0e6a73a3be963951|class_4d86274c03f8ce29|class_9d0c70c2e55403b3|class_d2e7013a99dac185,false,use_corrected_v2_grouping,v2 DB grouping uses usable non-empty values and target entity
grp_c8b39c7b9d838c07,1106|1232|1262|1777|704,4,neutral|positive,5,5,same_text_different_entity_valid,class_45216574371f108d|class_475d6a3f1eb7b333|class_9a3f745f685bb119|class_9f57511d79cb2b43|class_d58fa26d03e2366b,false,use_corrected_v2_grouping,v2 DB grouping uses usable non-empty values and target entity
grp_756d287c5f0277b5,1030|1288|1664|710|990,3,negative|neutral,5,5,same_text_different_entity_valid,class_3a798a1f6a020de4|class_681fb9081bdf723f|class_aff7ad2867d38aaf|class_b18a72973eef7c93|class_b2295ea409ecd2e6,false,use_corrected_v2_grouping,v2 DB grouping uses usable non-empty values and target entity
grp_431e294e835cfa55,1733|1787|716|949|993,4,neutral|positive,5,5,same_text_different_entity_valid,class_0ca2267de3b7cb03|class_40214b3af092ea0c|class_447b0da4dab113a6|class_f64cb9a8c92ba9bf|class_ff3a77fbe0813a07,false,use_corrected_v2_grouping,v2 DB grouping uses usable non-empty values and target entity
grp_09f3421e7d9c9b29,1017|743|973,3,neutral|positive,3,3,same_text_different_entity_valid,class_6e03edf61d7db90d|class_ac4a581e5086b6fa|class_cec248b3ab47f732,false,use_corrected_v2_grouping,v2 DB grouping uses usable non-empty values and target entity
grp_8d665eb9c019466c,1400|1450|1723|1814|745|792,4,neutral|positive,6,6,same_text_different_entity_valid,class_6c6b142b2365a51b|class_7e6bc68b64db63e8|class_97f6576df1c0e595|class_d1df969f5178205e|class_d72687109536a263|class_fdb815a44b5755fc,false,use_corrected_v2_grouping,v2 DB grouping uses usable non-empty values and target entity
grp_d3ec7646f1998007,1547|1725|753|913,3,neutral|positive,4,4,same_text_different_entity_valid,class_84939caef26c8171|class_97e59b0cee16f70c|class_c675c1afd05d81c3|class_f2b2c61e288f658e,false,use_corrected_v2_grouping,v2 DB grouping uses usable non-empty values and target entity
grp_b7b79ad38c08049b,1121|1475|755|830,3,negative|neutral|positive,3,4,same_text_same_entity_true_conflict,class_33e864b9858c01e4|class_b77308db41f97b57|class_e464cc461614f217,true,human_review,v2 DB grouping uses usable non-empty values and target entity
grp_3690508fdb57062f,1449|1545|1674|777|901,4,neutral|positive,5,5,same_text_different_entity_valid,class_44814c2e38e88c7f|class_4792ab40a3c0bf4d|class_6a6618e91a17c8d1|class_8fca76501c552ef3|class_91475f491cbbf4db,false,use_corrected_v2_grouping,v2 DB grouping uses usable non-empty values and target entity
grp_b65a90eda5438b48,1615|1616|1772|1885|1898|785,4,negative|neutral|positive,6,6,same_text_different_entity_valid,class_585188f98061639e|class_76fc2a05fe43c75d|class_823eb6c8ee6a3e18|class_ae6237476a99ffe5|class_c47097022e1b8edf|class_ddfff3bcaacb19a3,false,use_corrected_v2_grouping,v2 DB grouping uses usable non-empty values and target entity
grp_71d3fd92b998d721,1039|1455|1550|788|869,5,neutral|positive,5,5,same_text_different_entity_valid,class_246ff9bc99c139e5|class_385f7df0eabb1e89|class_9be40b27407653ae|class_a2c0fbe7008442d9|class_df4a6fd709cd4253,false,use_corrected_v2_grouping,v2 DB grouping uses usable non-empty values and target entity
grp_ff4a92cb5dc14a37,797|976,2,neutral|positive,2,2,same_text_different_entity_valid,class_beb93864de0ab12e|class_cae8bdf3217618d6,false,use_corrected_v2_grouping,v2 DB grouping uses usable non-empty values and target entity
grp_e87b3e987a9051df,1855|804|805,2,negative|neutral,3,3,same_text_different_entity_valid,class_86a919bcef251930|class_eacdb6ba43b8354e|class_f4337426bc5b2a04,false,use_corrected_v2_grouping,v2 DB grouping uses usable non-empty values and target entity
grp_b374d652a671a761,1838|810,2,negative|neutral,2,2,same_text_different_entity_valid,class_116541d1c81f3b5c|class_219314e582bd05ce,false,use_corrected_v2_grouping,v2 DB grouping uses usable non-empty values and target entity
grp_8d6a46867845cf7a,1026|1169|1397|827,3,neutral|positive,4,4,same_text_different_entity_valid,class_49c1e482288aa254|class_4ccb2f25c2086025|class_8cdb48b1b6c1a994|class_c6099c66b73eb024,false,use_corrected_v2_grouping,v2 DB grouping uses usable non-empty values and target entity
grp_3943b0f2cf63b055,1497|828,2,neutral|positive,2,2,same_text_different_entity_valid,class_3384367d0ad544fa|class_e5f95de601df0c6d,false,use_corrected_v2_grouping,v2 DB grouping uses usable non-empty values and target entity
grp_b65b6dfad6ba4fe2,1201|1280|1401|842|856,5,neutral|positive,5,5,same_text_different_entity_valid,class_2777855d05ca5ae1|class_3e4d60199a6a4b21|class_97d78b84791bc304|class_99a2fa93d18db5de|class_b88e51c1ba86370a,false,use_corrected_v2_grouping,v2 DB grouping uses usable non-empty values and target entity
grp_1381eab8a4087e0c,1371|1560|1673|1886|866,4,negative|neutral,5,5,same_text_different_entity_valid,class_1f2a8d02dc9c598f|class_2e70fca17f881e06|class_5b29ae6d92faf49a|class_9c2a3a5104c3d8cb|class_e99d24aa8be257e7,false,use_corrected_v2_grouping,v2 DB grouping uses usable non-empty values and target entity
grp_3ddd2b9198f7a83e,1208|1303|875|924,4,negative|neutral|positive,4,4,same_text_different_entity_valid,class_2af087335049ccc4|class_4c2d7b3d6040b288|class_7be4c75af8c2290f|class_a20b9120c61d0756,false,use_corrected_v2_grouping,v2 DB grouping uses usable non-empty values and target entity
grp_eae43b7c312d874c,1076|1129|1196|1459|1493|1501|1870|878,5,negative|neutral|positive,8,8,same_text_different_entity_valid,class_12b69777c3e98f94|class_289ef43bec5a4360|class_47a9989b5f25d0a1|class_4c712b058dab5c0a|class_81d188879abc6c3a|class_acc0a79a0e7d40ce|class_d1d33ac90b1aeb0c|class_f1701276d33617aa,false,use_corrected_v2_grouping,v2 DB grouping uses usable non-empty values and target entity
grp_f13cd67555f280ce,1014|1224|889,2,neutral|positive,3,3,same_text_different_entity_valid,class_9e03aa40eb12b001|class_f99504a5f37de946|class_fee2330ea6b1e8bc,false,use_corrected_v2_grouping,v2 DB grouping uses usable non-empty values and target entity
grp_ce9c3db2d52477a3,911|977,2,neutral|positive,2,2,same_text_different_entity_valid,class_2ff60343ecba4d25|class_6e119aa3600d0748,false,use_corrected_v2_grouping,v2 DB grouping uses usable non-empty values and target entity
grp_92c166d3dc64d3fc,1100|921|933,3,negative|neutral|positive,3,3,same_text_different_entity_valid,class_403e2904d547ae03|class_5fb642f67bae571d|class_fa53f5362e4306ee,false,use_corrected_v2_grouping,v2 DB grouping uses usable non-empty values and target entity
grp_de8a4175af1a8fa6,1261|1331|1370|1809|948,4,neutral|positive,5,5,same_text_different_entity_valid,class_2704615e5e853470|class_5d458848fce0cdea|class_788319c43e4a977d|class_98ee6992f1d9629f|class_eaa5cf8fff8ac595,false,use_corrected_v2_grouping,v2 DB grouping uses usable non-empty values and target entity
grp_4367a676b4abf371,1269|1454|957,2,negative|neutral|positive,3,3,same_text_different_entity_valid,class_22af4177f0e5b528|class_61ef3c71b0fd69b8|class_97d578531b9fb135,false,use_corrected_v2_grouping,v2 DB grouping uses usable non-empty values and target entity
grp_6f45ca92164a683e,1023|1244|1282|1695|1840|963,4,negative|neutral,5,6,same_text_same_entity_true_conflict,class_4f923f268177f6ee|class_8c1dcfbdc3033e72|class_c160671f6a1d0691|class_f871b2cda23ae19b|class_f8f2724e90b5ad73,true,human_review,v2 DB grouping uses usable non-empty values and target entity
grp_1e7a124fbd549d69,1194|1469|1624|979,3,negative|neutral|positive,4,4,same_text_different_entity_valid,class_2bd922150639020f|class_6ea2ff6674edf4b0|class_80627cecbad11d7d|class_aa0c2fdf3bc75330,false,use_corrected_v2_grouping,v2 DB grouping uses usable non-empty values and target entity
grp_04d34381ab83e061,1173|1415|982,3,neutral|positive,3,3,same_text_different_entity_valid,class_542f6cf2c39dc1d1|class_bf4c32c93d1e9a2d|class_c5abbb086366de14,false,use_corrected_v2_grouping,v2 DB grouping uses usable non-empty values and target entity
grp_332fd64e58009480,1008|1737,2,negative|neutral,2,2,same_text_different_entity_valid,class_28fae1a527a626a0|class_90fdb32c45898365,false,use_corrected_v2_grouping,v2 DB grouping uses usable non-empty values and target entity
grp_75c5166ea7e311b0,1016|1404|1505,3,neutral|positive,3,3,same_text_different_entity_valid,class_1016c5de6b499dbc|class_4710fbcbcd15fec1|class_a5656f28f43ca0ee,false,use_corrected_v2_grouping,v2 DB grouping uses usable non-empty values and target entity
grp_2475a245ff865d55,1025|1316|1383|1396,4,neutral|positive,4,4,same_text_different_entity_valid,class_47bdef7df1a76c7f|class_b2b8d7c5951ca6fe|class_c5c49cd9c2045a34|class_df0163ebb70bf9e4,false,use_corrected_v2_grouping,v2 DB grouping uses usable non-empty values and target entity
grp_ed70e14822be93e6,1027|1165|1441,3,negative|neutral,3,3,same_text_different_entity_valid,class_85895b0fb0c48c81|class_e9d80e25286fbdee|class_fecb9f63056853d1,false,use_corrected_v2_grouping,v2 DB grouping uses usable non-empty values and target entity
grp_96c3756de0e5fa5b,1050|1162,2,negative|positive,2,2,same_text_different_entity_valid,class_2d2231becd69c437|class_ae463d8f9c8c9c26,false,use_corrected_v2_grouping,v2 DB grouping uses usable non-empty values and target entity
grp_d110c40a2d6d61bc,1060|1077|1191|1362|1671,4,neutral|positive,5,5,same_text_different_entity_valid,class_0e941571f07062d3|class_2682f341b9cf58bf|class_2689eebc5ec3176b|class_594c2ccbd966eeda|class_edaa63434afdda3a,false,use_corrected_v2_grouping,v2 DB grouping uses usable non-empty values and target entity
grp_7bf376b6d95a5aa0,1065|1704,2,neutral|positive,2,2,same_text_different_entity_valid,class_76a679cd6ff2a915|class_7a417006af78fe03,false,use_corrected_v2_grouping,v2 DB grouping uses usable non-empty values and target entity
grp_d7b0ae04a1e13a7f,1115|1888,1,negative|neutral,2,2,transitive_overmerge,class_0cecc80d769ef882|class_18c43d1e13e50096,false,use_corrected_v2_grouping,v2 DB grouping uses usable non-empty values and target entity
grp_ccdef0777b575a1c,1117|1218|1511|1724,3,neutral|positive,4,4,same_text_different_entity_valid,class_0c2990266919bf90|class_8af1111e632bd73c|class_b3614628e6599693|class_f2961c6ad397b1bb,false,use_corrected_v2_grouping,v2 DB grouping uses usable non-empty values and target entity
grp_917df5804b8a2ead,1147|1382|1444|1669,4,neutral|positive,4,4,same_text_different_entity_valid,class_5f9df0d5c2e1f695|class_cb148fa7d82ca614|class_cbedd98c135e6fbc|class_e515520cbdbb0317,false,use_corrected_v2_grouping,v2 DB grouping uses usable non-empty values and target entity
grp_590fb4cf30b32727,1168|1894,2,neutral|positive,2,2,same_text_different_entity_valid,class_829fd973e37ddc81|class_ddfd60307849fc9e,false,use_corrected_v2_grouping,v2 DB grouping uses usable non-empty values and target entity
grp_f61afb4c3b2b0ebf,1182|1476|1477|1655,3,neutral|positive,4,4,same_text_different_entity_valid,class_330c2e822e989fd0|class_9f4dc1086e82d88f|class_a07bf8b7128415b9|class_d23ad5202c578e28,false,use_corrected_v2_grouping,v2 DB grouping uses usable non-empty values and target entity
grp_c5889e1d7dfae49c,1219|1268|1626|1848,4,neutral|positive,4,4,same_text_different_entity_valid,class_23dd7f42b79a984c|class_a90743608ba1da50|class_aff1a0de9c56ca14|class_b55eaee047699547,false,use_corrected_v2_grouping,v2 DB grouping uses usable non-empty values and target entity
grp_09b4a526e05f6a31,1281|1566|1675,3,negative|neutral,3,3,same_text_different_entity_valid,class_3d338cae7deb6903|class_6f4f17c3dd5b70ed|class_de23a1f78c81ca2d,false,use_corrected_v2_grouping,v2 DB grouping uses usable non-empty values and target entity
grp_da0763f430f347e2,1283|1636,2,negative|neutral,2,2,same_text_different_entity_valid,class_21fb3c8c7c80c30c|class_43925a70049a4d79,false,use_corrected_v2_grouping,v2 DB grouping uses usable non-empty values and target entity
grp_22ec14eac8f2349c,1309|1334|1344,3,neutral|positive,3,3,same_text_different_entity_valid,class_8200be32e3be6dd0|class_adb9a8e8ee8434b5|class_f39cf8d0b5fcb876,false,use_corrected_v2_grouping,v2 DB grouping uses usable non-empty values and target entity
grp_132321850098e580,1340|1597,2,neutral|positive,2,2,same_text_different_entity_valid,class_04ade77edadb7ae1|class_255f516e50f0a716,false,use_corrected_v2_grouping,v2 DB grouping uses usable non-empty values and target entity
grp_6423f0ff603e8376,1504|1682|1862,3,negative|neutral,3,3,same_text_different_entity_valid,class_aeb3d3530c465cca|class_b1c3893c0cb19741|class_ce136529464f3d27,false,use_corrected_v2_grouping,v2 DB grouping uses usable non-empty values and target entity
grp_06a5eac8c9c4fbf4,1514|1872,2,neutral|positive,2,2,same_text_different_entity_valid,class_48576bcd75fd4318|class_732f40065e6e88d3,false,use_corrected_v2_grouping,v2 DB grouping uses usable non-empty values and target entity
