date,ticker,label
2026-07-20,TPIA,win
2026-07-20,TLKM,win
2026-07-20,TINS,win
2026-07-20,RAJA,win
2026-07-20,NCKL,win
2026-07-20,MEDC,win
2026-07-20,KBLV,win
2026-07-20,GTSI,win
2026-07-20,CUAN,win
2026-07-20,CTTH,win
2026-07-20,BUMI,win
2026-07-20,BRPT,win
2026-07-20,BRMS,win
2026-07-20,BNBR,win
2026-07-20,BIPI,win
2026-07-20,ADRO,win
2026-07-20,RANS,loss
2026-07-20,PANI,loss
2026-07-20,JELI,loss
2026-07-20,CBRE,loss
2026-07-20,BREN,loss
2026-07-20,BBTN,loss
2026-07-20,ANTM,loss
2026-07-21,ADRO,win
2026-07-21,AKRA,win
2026-07-21,AMMN,win
2026-07-21,AMRT,win
2026-07-21,ANTM,win
2026-07-21,BIPI,win
2026-07-21,BNBR,win
2026-07-21,BNGA,win
2026-07-21,BRPT,win
2026-07-21,BSDE,win
2026-07-21,BSSR,win
2026-07-21,BUMI,win
2026-07-21,BUVA,win
2026-07-21,CTTH,win
2026-07-21,CUAN,win
2026-07-21,ENRG,win
2026-07-21,GPSO,win
2026-07-21,GTSI,win
2026-07-21,GULA,win
2026-07-21,HMSP,win
2026-07-21,HUMI,win
2026-07-21,ICBP,win
2026-07-21,IMPC,win
2026-07-21,INCO,win
2026-07-21,INDF,win
2026-07-21,INDY,win
2026-07-21,INET,win
2026-07-21,INKP,win
2026-07-21,ITMG,win
2026-07-21,JGLE,win
2026-07-21,KIJA,win
2026-07-21,LSIP,win
2026-07-21,MBMA,win
2026-07-21,MDIA,win
2026-07-21,MEDC,win
2026-07-21,MLPL,win
2026-07-21,NTBK,win
2026-07-21,PADI,win
2026-07-21,PAMG,win
2026-07-21,PANI,win
2026-07-21,PGAS,win
2026-07-21,PNLF,win
2026-07-21,PSAB,win
2026-07-21,SSIA,win
2026-07-21,TKIM,win
2026-07-21,TOBA,win
2026-07-21,TPIA,win
2026-07-21,WIRG,win
2026-07-21,GGRM,loss
2026-07-21,JELI,loss
2026-07-21,PRDL,loss
2026-07-21,TINS,loss
2026-07-21,AALI,draw
2026-07-21,PTBA,draw
2026-07-22,ADMR,win
2026-07-22,ADRO,win
2026-07-22,ANTM,win
2026-07-22,ATLA,win
2026-07-22,BREN,win
2026-07-22,BRMS,win
2026-07-22,BRPT,win
2026-07-22,BUVA,win
2026-07-22,CDIA,win
2026-07-22,CUAN,win
2026-07-22,DOOH,win
2026-07-22,ELSA,win
2026-07-22,ENRG,win
2026-07-22,HRTA,win
2026-07-22,HUMI,win
2026-07-22,INDY,win
2026-07-22,IRSX,win
2026-07-22,JELI,win
2026-07-22,KOKA,win
2026-07-22,MAXI,win
2026-07-22,MEDC,win
2026-07-22,PTRO,win
2026-07-22,TINS,win
2026-07-22,TPIA,win
2026-07-22,WIFI,win
2026-07-22,WMUU,win
2026-07-22,AMMN,loss
2026-07-22,ARCI,loss
2026-07-22,BBCA,loss
2026-07-22,BULL,loss
2026-07-22,CBRE,loss
2026-07-22,DSSA,loss
2026-07-22,MBMA,loss
2026-07-22,MDKA,loss
2026-07-22,PGAS,loss
2026-07-22,RATU,loss
2026-07-22,SSIA,loss
2026-07-22,AADI,draw
2026-07-22,EMTK,draw
2026-07-23,AMMN,win
2026-07-23,BIPI,win
2026-07-23,BRMS,win
2026-07-23,BULL,win
2026-07-23,BUMI,win
2026-07-23,EMTK,win
2026-07-23,FUTR,win
2026-07-23,INCO,win
2026-07-23,IRSX,win
2026-07-23,MDIA,win
2026-07-23,MDKA,win
2026-07-23,MLPL,win
2026-07-23,MLPT,win
2026-07-23,PGAS,win
2026-07-23,PTRO,win
2026-07-23,RMKE,win
2026-07-23,SMIL,win
2026-07-23,TINS,win
2026-07-23,TOWR,win
2026-07-23,TPIA,win
2026-07-23,VKTR,win
2026-07-23,BBRI,loss
2026-07-23,COIN,loss
2026-07-23,ERAA,loss
2026-07-23,PAGI,loss
2026-07-23,BMRI,draw
2026-07-23,ELSA,draw
2026-07-24,BREN,win
2026-07-24,BRPT,win
2026-07-24,GPSO,win
2026-07-24,INDY,win
2026-07-24,MLPT,win
2026-07-24,OILS,win
2026-07-24,REAL,win
2026-07-24,BUVA,loss
2026-07-24,CUAN,loss
2026-07-24,ENRG,loss
2026-07-24,ESSA,loss
2026-07-24,MEDC,loss
2026-07-24,CDIA,draw
2026-07-24,VKTR,draw
2026-07-27,BBTN,win
2026-07-27,INDY,win
2026-07-27,PSAB,win
2026-07-27,RAJA,win
2026-07-27,SSIA,win
2026-07-27,VKTR,win
2026-07-27,WIFI,win
2026-07-27,ENRG,draw
2026-07-27,TINS,draw
2026-07-28,ASII,win
2026-07-28,BAJA,win
2026-07-28,DEWA,win
2026-07-28,GDST,win
2026-07-28,KOTA,win
2026-07-28,MCAS,win
2026-07-28,NTBK,win
2026-07-28,RANS,win
2026-07-28,PTRO,loss
2026-07-29,BACH,win
2026-07-29,BREN,win
2026-07-29,BRPT,win
2026-07-29,BUVA,win
2026-07-29,CUAN,win
2026-07-29,DEWA,win
2026-07-29,ESSA,win
2026-07-29,GGRM,win
2026-07-29,INDY,win
2026-07-29,KOTA,win
2026-07-29,MDIA,win
2026-07-29,PTRO,win
2026-07-29,TPIA,win
2026-07-29,WIFI,win
2026-07-29,AMMN,loss
2026-07-29,BMRI,loss
2026-07-29,ENRG,loss
2026-07-29,RAJA,loss
2026-07-29,TINS,loss
2026-07-29,VKTR,loss
2026-07-29,CDIA,draw
2026-07-29,RATU,draw
2026-07-29,SSIA,draw
2026-07-30,AMMN,win
2026-07-30,ANTM,win
2026-07-30,BACH,win
2026-07-30,BMRT,win
2026-07-30,BNBR,win
2026-07-30,BRMS,win
2026-07-30,BULL,win
2026-07-30,EMAS,win
2026-07-30,ENRG,win
2026-07-30,MDIA,win
2026-07-30,PANI,win
2026-07-30,BBRI,draw
2026-07-30,BUMI,draw
2026-07-31,AMMN,win
2026-07-31,ASII,win
2026-07-31,BACH,win
2026-07-31,BBRI,win
2026-07-31,BRMS,win
2026-07-31,CUAN,win
2026-07-31,DEWA,win
2026-07-31,EMAS,win
2026-07-31,GULA,win
2026-07-31,PACK,win
2026-07-31,RAJA,win
2026-07-31,TINS,win
2026-07-31,TPIA,win
2026-07-31,BIPI,loss
2026-07-31,ENRG,loss
2026-07-31,PADI,loss
2026-07-31,ANTM,draw
2026-08-03,AMMN,win
2026-08-03,BACH,win
2026-08-03,IATA,win
2026-08-03,TKIM,win
2026-08-03,ASII,loss
2026-08-03,BNBR,loss
2026-08-03,BUMI,loss
2026-08-03,TPIA,loss
2026-08-04,ASII,win
2026-08-04,BBRI,win
2026-08-04,BMRI,win
2026-08-04,INDY,win
2026-08-04,JKON,win
2026-08-04,KOTA,win
2026-08-04,MAPI,win
2026-08-04,CYBR,loss
2026-08-04,JELI,loss
2026-08-04,BACH,draw
2026-08-04,EMMI,draw
2026-08-05,AMMN,win
2026-08-05,BKSL,win
2026-08-05,BULL,win
2026-08-05,BUMI,win
2026-08-05,COCO,win
2026-08-05,DEWA,win
2026-08-05,DSSA,win
2026-08-05,NSSS,win
2026-08-05,RMKE,win
2026-08-05,TINS,win
2026-08-05,TPIA,win
2026-08-05,VKTR,win
2026-08-05,GULA,win
2026-08-05,INCO,loss
2026-08-05,OASA,loss
2026-08-05,BUVA,draw
2026-08-05,GGRM,draw
2026-08-05,HRTA,draw
2026-08-06,ARCI,win
2026-08-06,BBRI,win
2026-08-06,BNBR,win
2026-08-06,BREN,win
2026-08-06,BUVA,win
2026-08-06,CDIA,win
2026-08-06,CUAN,win
2026-08-06,DSSA,win
2026-08-06,PTRO,win
2026-08-06,SMGR,win
2026-08-06,AMMN,loss
2026-08-06,BBCA,loss
2026-08-06,EMAS,loss
2026-08-06,PSAB,loss
2026-08-06,VKTR,loss
2026-08-07,BMRI,win
2026-08-07,BULL,win
2026-08-07,BUMI,win
2026-08-07,DEWA,win
2026-08-07,HATM,win
2026-08-07,JGLE,win
2026-08-07,SRTG,win
2026-08-07,TINS,win
2026-08-07,TLKM,win
2026-08-07,VKTR,win
2026-08-07,DSSA,loss
2026-08-07,GULA,loss
2026-08-07,PADA,loss
2026-08-07,AADI,draw
2026-08-10,AMMN,win
2026-08-10,ANTM,win
2026-08-10,BACH,win
2026-08-10,CUAN,win
2026-08-10,ESSA,win
2026-08-10,HATM,win
2026-08-10,HRUM,win
2026-08-10,JGLE,win
2026-08-10,MDKA,win
2026-08-10,TINS,win
2026-08-10,BBCA,loss
2026-08-10,BBRI,loss
2026-08-10,BIPI,loss
2026-08-10,BMRI,loss
2026-08-10,BNBR,loss
2026-08-10,EMAS,loss
2026-08-10,ISAT,loss
2026-08-10,PTRO,loss
2026-08-10,SSIA,loss
2026-08-11,AMMN,loss
2026-08-11,BULL,loss
2026-08-11,EMAS,loss
2026-08-11,HRTA,loss
2026-08-11,MDKA,loss
2026-08-11,TPIA,loss
2026-08-12,BREN,win
2026-08-12,BRPT,win
2026-08-12,BULL,win
2026-08-12,BUMI,win
2026-08-12,DEWA,win
2026-08-12,DSSA,win
2026-08-12,ESSA,win
2026-08-12,TPIA,win
2026-08-12,VKTR,win
2026-08-12,BMRI,win
2026-08-12,BNBR,draw
2026-08-13,BACH,win
2026-08-13,BAIK,win
2026-08-13,BRMS,win
2026-08-13,CUAN,win
2026-08-13,DSSA,win
2026-08-13,ENRG,win
2026-08-13,SLIS,win
2026-08-13,SWID,win
2026-08-13,BNBR,loss
2026-08-13,BREN,loss
2026-08-13,BULL,loss
2026-08-13,ISAT,loss
2026-08-13,MBMA,loss
2026-08-13,BRPT,draw
2026-08-13,CDIA,draw
2026-08-13,ESSA,draw
2026-08-13,PTRO,draw
2026-08-13,RAJA,draw
2026-08-13,TPIA,draw
2026-08-13,VKTR,draw
2026-08-14,BUMI,win
2026-08-18,BRMS,win
2026-08-18,BYAN,win
2026-08-18,FAST,win
2026-08-18,INDY,win
2026-08-18,MGLV,win
2026-08-18,PACK,win
2026-08-18,TEBE,win
2026-08-18,DSSA,loss
2026-08-18,ENRG,loss
2026-08-18,TINS,loss
2026-08-18,VKTR,loss
2026-08-19,PWON,win
2026-08-19,RMKE,win
2026-08-19,BSDE,loss
2026-08-19,COIN,loss
2026-08-19,EMTK,loss
2026-08-19,INET,loss
2026-08-19,LPKR,loss
2026-08-19,PACK,loss
2026-08-19,BBCA,draw
2026-08-20,AMMN,win
2026-08-20,BRMS,win
2026-08-20,BULL,win
2026-08-20,COIN,win
2026-08-20,DEWA,win
2026-08-20,HATM,win
2026-08-20,HRTA,win
2026-08-20,INET,win
2026-08-20,KIJA,win
2026-08-20,KLBF,win
2026-08-20,NCKL,win
2026-08-20,PACK,win
2026-08-20,PSAB,win
2026-08-20,CUAN,loss
2026-08-20,INDY,loss
2026-08-20,RAJA,loss
2026-08-20,TINS,loss
2026-08-20,BMRI,draw
2026-08-20,MDKA,draw
2026-08-20,RATU,draw
2026-08-21,BIPI,win
2026-08-21,BMRI,win
2026-08-21,BNBR,win
2026-08-21,BUMI,win
2026-08-21,BUVA,win
2026-08-21,JARR,win
2026-08-21,MINA,win
2026-08-21,PSAB,win
2026-08-21,RATU,win
2026-08-21,TEBE,win
2026-08-21,BRRC,loss
2026-08-21,COIN,loss
2026-08-21,BBCA,draw
2026-08-21,BRPT,draw
2026-08-24,ADMR,loss
2026-08-24,ARCI,loss
2026-08-24,HRTA,loss
2026-08-24,INET,loss
2026-08-24,KETR,loss
2026-08-24,WIFI,loss
2026-08-26,AUTO,win
2026-08-26,COIN,win
2026-08-26,ELITT,win
2026-08-26,EMAS,win
2026-08-26,MBMA,win
2026-08-26,NZIA,win
2026-08-26,PACK,win
2026-08-26,PADI,win
2026-08-26,RGAS,win
2026-08-26,ARKO,loss
2026-08-26,GJTL,draw
2026-08-27,BIPI,win
2026-08-27,BNBR,win
2026-08-27,BULL,win
2026-08-27,BUMI,win
2026-08-27,BUVA,win
2026-08-27,BWPT,win
2026-08-27,DEWA,win
2026-08-27,DSSA,win
2026-08-27,FPNI,win
2026-08-27,INET,win
2026-08-27,ISAT,win
2026-08-27,JARR,win
2026-08-27,MBMA,win
2026-08-27,NICL,win
2026-08-27,RANS,win
2026-08-27,SGER,win
2026-08-27,VKTR,win
2026-08-27,WIFI,win
2026-08-27,BBCA,draw
2026-08-28,DSSA,win
2026-08-28,PTBA,win
2026-08-28,ADMR,loss
2026-08-28,BUMI,loss
2026-08-28,DEWA,loss
2026-08-28,NICL,loss
2026-08-31,ADRO,win
2026-08-31,DMAS,win
2026-08-31,PTRO,win
2026-08-31,UNVR,loss
2026-09-01,BBRI,win
2026-09-01,BMRI,win
2026-09-01,BUMI,win
2026-09-01,DSSA,win
2026-09-01,KOTA,win
2026-09-01,PTBA,win
2026-09-01,SINI,win
2026-09-01,SMGR,win
2026-09-01,CPIN,win
